{"model": {"model_name": "GPT_2-6B", "num_layers": 34, "parameters": {"total_parameters_bytes": 11119165440, "parameters_per_layer_bytes": [524288000, 314705920, 314705920, 314705920, 314705920, 314705920, 314705920, 314705920, 314705920, 314705920, 314705920, 314705920, 314705920, 314705920, 314705920, 314705920, 314705920, 314705920, 314705920, 314705920, 314705920, 314705920, 314705920, 314705920, 314705920, 314705920, 314705920, 314705920, 314705920, 314705920, 314705920, 314705920, 314705920, 524288000]}}, "execution_time": {"total_time_ms": 38999.566666666666, "forward_backward_time_ms": 38910.35666666667, "batch_generator_time_ms": 331.96999999999997, "layernorm_grads_all_reduce_time_ms": 4.31, "embedding_grads_all_reduce_time_ms": 54.133333333333326, "optimizer_time_ms": 15.823333333333332, "layer_compute_total_ms": [406.9981640625, 1288.21046875, 1288.21046875, 1288.21046875, 1288.21046875, 1288.21046875, 1288.21046875, 1288.21046875, 1288.21046875, 1288.21046875, 1288.21046875, 1288.21046875, 1288.21046875, 1288.21046875, 1288.21046875, 1288.21046875, 1288.21046875, 1288.21046875, 1288.21046875, 1288.21046875, 1288.21046875, 1288.21046875, 1288.21046875, 1288.21046875, 1288.21046875, 1288.21046875, 1288.21046875, 1288.21046875, 1288.21046875, 1288.21046875, 1288.21046875, 1288.21046875, 1288.21046875, 441.0879296875]}, "execution_memory": {"layer_memory_total_mb": [1774.0, 1820.0625, 1820.0625, 1820.0625, 1820.0625, 1820.0625, 1820.0625, 1820.0625, 1820.0625, 1820.0625, 1820.0625, 1820.0625, 1820.0625, 1820.0625, 1820.0625, 1820.0625, 1820.0625, 1820.0625, 1820.0625, 1820.0625, 1820.0625, 1820.0625, 1820.0625, 1820.0625, 1820.0625, 1820.0625, 1820.0625, 1820.0625, 1820.0625, 1820.0625, 1820.0625, 1820.0625, 1820.0625, 4500.0], "total_memory": 64516.0}}