{"model": {"model_name": "GPT_2-6B", "num_layers": 34, "parameters": {"total_parameters_bytes": 11119165440, "parameters_per_layer_bytes": [524288000, 314705920, 314705920, 314705920, 314705920, 314705920, 314705920, 314705920, 314705920, 314705920, 314705920, 314705920, 314705920, 314705920, 314705920, 314705920, 314705920, 314705920, 314705920, 314705920, 314705920, 314705920, 314705920, 314705920, 314705920, 314705920, 314705920, 314705920, 314705920, 314705920, 314705920, 314705920, 314705920, 524288000]}}, "execution_time": {"batch_generator_time_ms": 47.18000000000001, "optimizer_time_ms": 14.463333333333333, "layer_compute_total_ms": [77.1999951171875, 241.96, 241.96, 241.96, 241.96, 241.96, 241.96, 241.96, 241.96, 241.96, 241.96, 241.96, 241.96, 241.96, 241.96, 241.96, 241.96, 241.96, 241.96, 241.96, 241.96, 241.96, 241.96, 241.96, 241.96, 241.96, 241.96, 241.96, 241.96, 241.96, 241.96, 241.96, 241.96, 82.006162109375], "forward_backward_time_ms": 7901.926157226563}, "execution_memory": {"layer_memory_total_mb": [1066.0, 798.2666015625, 798.2666015625, 798.2666015625, 798.2666015625, 798.2666015625, 798.2666015625, 798.2666015625, 798.2666015625, 798.2666015625, 798.2666015625, 798.2666015625, 798.2666015625, 798.2666015625, 798.2666015625, 798.2666015625, 798.2666015625, 798.2666015625, 798.2666015625, 798.2666015625, 798.2666015625, 798.2666015625, 798.2666015625, 798.2666015625, 798.2666015625, 798.2666015625, 798.2666015625, 798.2666015625, 798.2666015625, 798.2666015625, 798.2666015625, 798.2666015625, 798.2666015625, 1250.0], "total_memory": 27860.53125}}