{"model": {"model_name": "GPT_2-6B", "num_layers": 34, "parameters": {"total_parameters_bytes": 11119165440, "parameters_per_layer_bytes": [524288000, 314705920, 314705920, 314705920, 314705920, 314705920, 314705920, 314705920, 314705920, 314705920, 314705920, 314705920, 314705920, 314705920, 314705920, 314705920, 314705920, 314705920, 314705920, 314705920, 314705920, 314705920, 314705920, 314705920, 314705920, 314705920, 314705920, 314705920, 314705920, 314705920, 314705920, 314705920, 314705920, 524288000]}}, "execution_time": {"batch_generator_time_ms": 120.93, "optimizer_time_ms": 16.176666666666666, "layer_compute_total_ms": [148.6229736328125, 490.874921875, 490.874921875, 490.874921875, 490.874921875, 490.874921875, 490.874921875, 490.874921875, 490.874921875, 490.874921875, 490.874921875, 490.874921875, 490.874921875, 490.874921875, 490.874921875, 490.874921875, 490.874921875, 490.874921875, 490.874921875, 490.874921875, 490.874921875, 490.874921875, 490.874921875, 490.874921875, 490.874921875, 490.874921875, 490.874921875, 490.874921875, 490.874921875, 490.874921875, 490.874921875, 490.874921875, 490.874921875, 259.04181640625], "forward_backward_time_ms": 16115.662290039061}, "execution_memory": {"layer_memory_total_mb": [1942.0, 1396.1259765625, 1396.1259765625, 1396.1259765625, 1396.1259765625, 1396.1259765625, 1396.1259765625, 1396.1259765625, 1396.1259765625, 1396.1259765625, 1396.1259765625, 1396.1259765625, 1396.1259765625, 1396.1259765625, 1396.1259765625, 1396.1259765625, 1396.1259765625, 1396.1259765625, 1396.1259765625, 1396.1259765625, 1396.1259765625, 1396.1259765625, 1396.1259765625, 1396.1259765625, 1396.1259765625, 1396.1259765625, 1396.1259765625, 1396.1259765625, 1396.1259765625, 1396.1259765625, 1396.1259765625, 1396.1259765625, 1396.1259765625, 5000.0], "total_memory": 51618.03125}}