{"model": {"model_name": "GPT_2-6B", "num_layers": 34, "parameters": {"total_parameters_bytes": 11119165440, "parameters_per_layer_bytes": [524288000, 314705920, 314705920, 314705920, 314705920, 314705920, 314705920, 314705920, 314705920, 314705920, 314705920, 314705920, 314705920, 314705920, 314705920, 314705920, 314705920, 314705920, 314705920, 314705920, 314705920, 314705920, 314705920, 314705920, 314705920, 314705920, 314705920, 314705920, 314705920, 314705920, 314705920, 314705920, 314705920, 524288000]}}, "execution_time": {"total_time_ms": 3556.1999999999994, "forward_backward_time_ms": 3326.623333333333, "batch_generator_time_ms": 5.506666666666667, "layernorm_grads_all_reduce_time_ms": 0.10999999999999999, "embedding_grads_all_reduce_time_ms": 197.65666666666667, "optimizer_time_ms": 17.69, "layer_compute_total_ms": [4.802006988525391, 94.0542529296875, 94.0542529296875, 94.0542529296875, 94.0542529296875, 94.0542529296875, 94.0542529296875, 94.0542529296875, 94.0542529296875, 94.0542529296875, 94.0542529296875, 94.0542529296875, 94.0542529296875, 94.0542529296875, 94.0542529296875, 94.0542529296875, 94.0542529296875, 94.0542529296875, 94.0542529296875, 94.0542529296875, 94.0542529296875, 94.0542529296875, 94.0542529296875, 94.0542529296875, 94.0542529296875, 94.0542529296875, 94.0542529296875, 94.0542529296875, 94.0542529296875, 94.0542529296875, 94.0542529296875, 94.0542529296875, 94.0542529296875, 145.724228515625]}, "execution_memory": {"layer_memory_total_mb": [2758.0, 2456.0625, 2456.0625, 2456.0625, 2456.0625, 2456.0625, 2456.0625, 2456.0625, 2456.0625, 2456.0625, 2456.0625, 2456.0625, 2456.0625, 2456.0625, 2456.0625, 2456.0625, 2456.0625, 2456.0625, 2456.0625, 2456.0625, 2456.0625, 2456.0625, 2456.0625, 2456.0625, 2456.0625, 2456.0625, 2456.0625, 2456.0625, 2456.0625, 2456.0625, 2456.0625, 2456.0625, 2456.0625, 6040.0], "total_memory": 87392.0}}