{"model": {"model_name": "GPT_2-6B", "num_layers": 34, "parameters": {"total_parameters_bytes": 11119165440, "parameters_per_layer_bytes": [524288000, 314705920, 314705920, 314705920, 314705920, 314705920, 314705920, 314705920, 314705920, 314705920, 314705920, 314705920, 314705920, 314705920, 314705920, 314705920, 314705920, 314705920, 314705920, 314705920, 314705920, 314705920, 314705920, 314705920, 314705920, 314705920, 314705920, 314705920, 314705920, 314705920, 314705920, 314705920, 314705920, 524288000]}}, "execution_time": {"total_time_ms": 2440.8333333333335, "forward_backward_time_ms": 2353.5099999999998, "batch_generator_time_ms": 24.099999999999998, "layernorm_grads_all_reduce_time_ms": 5.946666666666666, "embedding_grads_all_reduce_time_ms": 53.39000000000001, "optimizer_time_ms": 13.88, "layer_compute_total_ms": [23.952998046875, 69.55399169921876, 69.55399169921876, 69.55399169921876, 69.55399169921876, 69.55399169921876, 69.55399169921876, 69.55399169921876, 69.55399169921876, 69.55399169921876, 69.55399169921876, 69.55399169921876, 69.55399169921876, 69.55399169921876, 69.55399169921876, 69.55399169921876, 69.55399169921876, 69.55399169921876, 69.55399169921876, 69.55399169921876, 69.55399169921876, 69.55399169921876, 69.55399169921876, 69.55399169921876, 69.55399169921876, 69.55399169921876, 69.55399169921876, 69.55399169921876, 69.55399169921876, 69.55399169921876, 69.55399169921876, 69.55399169921876, 69.55399169921876, 30.4193115234375]}, "execution_memory": {"layer_memory_total_mb": [937.5703125, 947.2666015625, 947.2666015625, 947.2666015625, 947.2666015625, 947.2666015625, 947.2666015625, 947.2666015625, 947.2666015625, 947.2666015625, 947.2666015625, 947.2666015625, 947.2666015625, 947.2666015625, 947.2666015625, 947.2666015625, 947.2666015625, 947.2666015625, 947.2666015625, 947.2666015625, 947.2666015625, 947.2666015625, 947.2666015625, 947.2666015625, 947.2666015625, 947.2666015625, 947.2666015625, 947.2666015625, 947.2666015625, 947.2666015625, 947.2666015625, 947.2666015625, 947.2666015625, 1500.0], "total_memory": 32750.1015625}}