{"model": {"model_name": "GPT_2-6B", "num_layers": 34, "parameters": {"total_parameters_bytes": 11119165440, "parameters_per_layer_bytes": [524288000, 314705920, 314705920, 314705920, 314705920, 314705920, 314705920, 314705920, 314705920, 314705920, 314705920, 314705920, 314705920, 314705920, 314705920, 314705920, 314705920, 314705920, 314705920, 314705920, 314705920, 314705920, 314705920, 314705920, 314705920, 314705920, 314705920, 314705920, 314705920, 314705920, 314705920, 314705920, 314705920, 524288000]}}, "execution_time": {"total_time_ms": 0, "forward_backward_time_ms": 0, "batch_generator_time_ms": 0, "layernorm_grads_all_reduce_time_ms": 0, "embedding_grads_all_reduce_time_ms": 0, "optimizer_time_ms": 0, "layer_compute_total_ms": [295.532744140625, 992.296875, 992.296875, 992.296875, 992.296875, 992.296875, 992.296875, 992.296875, 992.296875, 992.296875, 992.296875, 992.296875, 992.296875, 992.296875, 992.296875, 992.296875, 992.296875, 992.296875, 992.296875, 992.296875, 992.296875, 992.296875, 992.296875, 992.296875, 992.296875, 992.296875, 992.296875, 992.296875, 992.296875, 992.296875, 992.296875, 992.296875, 992.296875, 523.47015625]}, "execution_memory": {"layer_memory_total_mb": [2554.0, 2117.2509765625, 2117.2509765625, 2117.2509765625, 2117.2509765625, 2117.2509765625, 2117.2509765625, 2117.2509765625, 2117.2509765625, 2117.2509765625, 2117.2509765625, 2117.2509765625, 2117.2509765625, 2117.2509765625, 2117.2509765625, 2117.2509765625, 2117.2509765625, 2117.2509765625, 2117.2509765625, 2117.2509765625, 2117.2509765625, 2117.2509765625, 2117.2509765625, 2117.2509765625, 2117.2509765625, 2117.2509765625, 2117.2509765625, 2117.2509765625, 2117.2509765625, 2117.2509765625, 2117.2509765625, 2117.2509765625, 2117.2509765625, 9000.0], "total_memory": 79306.03125}}