{"model": {"model_name": "GPT_2-6B", "num_layers": 34, "parameters": {"total_parameters_bytes": 11119165440, "parameters_per_layer_bytes": [524288000, 314705920, 314705920, 314705920, 314705920, 314705920, 314705920, 314705920, 314705920, 314705920, 314705920, 314705920, 314705920, 314705920, 314705920, 314705920, 314705920, 314705920, 314705920, 314705920, 314705920, 314705920, 314705920, 314705920, 314705920, 314705920, 314705920, 314705920, 314705920, 314705920, 314705920, 314705920, 314705920, 524288000]}}, "execution_time": {"total_time_ms": 43137.9, "forward_backward_time_ms": 43101.33, "batch_generator_time_ms": 283.80333333333334, "layernorm_grads_all_reduce_time_ms": 6.023333333333333, "embedding_grads_all_reduce_time_ms": 0.05000000000000001, "optimizer_time_ms": 16.1, "layer_compute_total_ms": [452.407373046875, 1446.011640625, 1446.011640625, 1446.011640625, 1446.011640625, 1446.011640625, 1446.011640625, 1446.011640625, 1446.011640625, 1446.011640625, 1446.011640625, 1446.011640625, 1446.011640625, 1446.011640625, 1446.011640625, 1446.011640625, 1446.011640625, 1446.011640625, 1446.011640625, 1446.011640625, 1446.011640625, 1446.011640625, 1446.011640625, 1446.011640625, 1446.011640625, 1446.011640625, 1446.011640625, 1446.011640625, 1446.011640625, 1446.011640625, 1446.011640625, 1446.011640625, 1446.011640625, 460.279375]}, "execution_memory": {"layer_memory_total_mb": [1644.0, 1140.03125, 1140.03125, 1140.03125, 1140.03125, 1140.03125, 1140.03125, 1140.03125, 1140.03125, 1140.03125, 1140.03125, 1140.03125, 1140.03125, 1140.03125, 1140.03125, 1140.03125, 1140.03125, 1140.03125, 1140.03125, 1140.03125, 1140.03125, 1140.03125, 1140.03125, 1140.03125, 1140.03125, 1140.03125, 1140.03125, 1140.03125, 1140.03125, 1140.03125, 1140.03125, 1140.03125, 1140.03125, 2250.0], "total_memory": 40375.0}}