{"model": {"model_name": "GPT_2-6B", "num_layers": 34, "parameters": {"total_parameters_bytes": 11119165440, "parameters_per_layer_bytes": [524288000, 314705920, 314705920, 314705920, 314705920, 314705920, 314705920, 314705920, 314705920, 314705920, 314705920, 314705920, 314705920, 314705920, 314705920, 314705920, 314705920, 314705920, 314705920, 314705920, 314705920, 314705920, 314705920, 314705920, 314705920, 314705920, 314705920, 314705920, 314705920, 314705920, 314705920, 314705920, 314705920, 524288000]}}, "execution_time": {"batch_generator_time_ms": 178.51666666666665, "optimizer_time_ms": 16.063333333333336, "layer_compute_total_ms": [225.4359326171875, 723.4490234375, 723.4490234375, 723.4490234375, 723.4490234375, 723.4490234375, 723.4490234375, 723.4490234375, 723.4490234375, 723.4490234375, 723.4490234375, 723.4490234375, 723.4490234375, 723.4490234375, 723.4490234375, 723.4490234375, 723.4490234375, 723.4490234375, 723.4490234375, 723.4490234375, 723.4490234375, 723.4490234375, 723.4490234375, 723.4490234375, 723.4490234375, 723.4490234375, 723.4490234375, 723.4490234375, 723.4490234375, 723.4490234375, 723.4490234375, 723.4490234375, 723.4490234375, 230.72650390625], "forward_backward_time_ms": 23606.53118652345}, "execution_memory": {"layer_memory_total_mb": [1066.0, 797.2666015625, 797.2666015625, 797.2666015625, 797.2666015625, 797.2666015625, 797.2666015625, 797.2666015625, 797.2666015625, 797.2666015625, 797.2666015625, 797.2666015625, 797.2666015625, 797.2666015625, 797.2666015625, 797.2666015625, 797.2666015625, 797.2666015625, 797.2666015625, 797.2666015625, 797.2666015625, 797.2666015625, 797.2666015625, 797.2666015625, 797.2666015625, 797.2666015625, 797.2666015625, 797.2666015625, 797.2666015625, 797.2666015625, 797.2666015625, 797.2666015625, 797.2666015625, 1250.0], "total_memory": 27828.53125}}