{"model": {"model_name": "GPT_2-6B", "num_layers": 34, "parameters": {"total_parameters_bytes": 11119165440, "parameters_per_layer_bytes": [524288000, 314705920, 314705920, 314705920, 314705920, 314705920, 314705920, 314705920, 314705920, 314705920, 314705920, 314705920, 314705920, 314705920, 314705920, 314705920, 314705920, 314705920, 314705920, 314705920, 314705920, 314705920, 314705920, 314705920, 314705920, 314705920, 314705920, 314705920, 314705920, 314705920, 314705920, 314705920, 314705920, 524288000]}}, "execution_time": {"batch_generator_time_ms": 66.91000000000001, "optimizer_time_ms": 16.496666666666666, "layer_compute_total_ms": [74.89478515625, 240.566689453125, 240.566689453125, 240.566689453125, 240.566689453125, 240.566689453125, 240.566689453125, 240.566689453125, 240.566689453125, 240.566689453125, 240.566689453125, 240.566689453125, 240.566689453125, 240.566689453125, 240.566689453125, 240.566689453125, 240.566689453125, 240.566689453125, 240.566689453125, 240.566689453125, 240.566689453125, 240.566689453125, 240.566689453125, 240.566689453125, 240.566689453125, 240.566689453125, 240.566689453125, 240.566689453125, 240.566689453125, 240.566689453125, 240.566689453125, 240.566689453125, 240.566689453125, 128.445810546875], "forward_backward_time_ms": 7901.474658203126}, "execution_memory": {"layer_memory_total_mb": [1564.0703125, 1015.5634765625, 1015.5634765625, 1015.5634765625, 1015.5634765625, 1015.5634765625, 1015.5634765625, 1015.5634765625, 1015.5634765625, 1015.5634765625, 1015.5634765625, 1015.5634765625, 1015.5634765625, 1015.5634765625, 1015.5634765625, 1015.5634765625, 1015.5634765625, 1015.5634765625, 1015.5634765625, 1015.5634765625, 1015.5634765625, 1015.5634765625, 1015.5634765625, 1015.5634765625, 1015.5634765625, 1015.5634765625, 1015.5634765625, 1015.5634765625, 1015.5634765625, 1015.5634765625, 1015.5634765625, 1015.5634765625, 1015.5634765625, 3000.0], "total_memory": 37062.1015625}}