{
    "model": {
        "model_name": "GPT_2-6B",
        "num_layers": 34,
        "parameters": {
            "total_parameters_bytes": 11119165440,
            "parameters_per_layer_bytes": [
                524288000,
                314705920,
                314705920,
                314705920,
                314705920,
                314705920,
                314705920,
                314705920,
                314705920,
                314705920,
                314705920,
                314705920,
                314705920,
                314705920,
                314705920,
                314705920,
                314705920,
                314705920,
                314705920,
                314705920,
                314705920,
                314705920,
                314705920,
                314705920,
                314705920,
                314705920,
                314705920,
                314705920,
                314705920,
                314705920,
                314705920,
                314705920,
                314705920,
                524288000
            ]
        }
    },
    "execution_time": {
        "total_time_ms": 4769.5,
        "forward_backward_time_ms": 4610.033333333334,
        "batch_generator_time_ms": 20.28333333333333,
        "layernorm_grads_all_reduce_time_ms": 0.04666666666666667,
        "embedding_grads_all_reduce_time_ms": 133.75,
        "optimizer_time_ms": 15.063333333333333,
        "layer_compute_total_ms": [
            7.161692199707031,
            123.9069677734375,
            123.9069677734375,
            123.9069677734375,
            123.9069677734375,
            123.9069677734375,
            123.9069677734375,
            123.9069677734375,
            123.9069677734375,
            123.9069677734375,
            123.9069677734375,
            123.9069677734375,
            123.9069677734375,
            123.9069677734375,
            123.9069677734375,
            123.9069677734375,
            123.9069677734375,
            123.9069677734375,
            123.9069677734375,
            123.9069677734375,
            123.9069677734375,
            123.9069677734375,
            123.9069677734375,
            123.9069677734375,
            123.9069677734375,
            123.9069677734375,
            123.9069677734375,
            123.9069677734375,
            123.9069677734375,
            123.9069677734375,
            123.9069677734375,
            123.9069677734375,
            123.9069677734375,
            230.66345703125
        ]
    },
    "execution_memory": {
        "layer_memory_total_mb": [
            3804.0,
            6240.25,
            6240.25,
            6240.25,
            6240.25,
            6240.25,
            6240.25,
            6240.25,
            6240.25,
            6240.25,
            6240.25,
            6240.25,
            6240.25,
            6240.25,
            6240.25,
            6240.25,
            6240.25,
            6240.25,
            6240.25,
            6240.25,
            6240.25,
            6240.25,
            6240.25,
            6240.25,
            6240.25,
            6240.25,
            6240.25,
            6240.25,
            6240.25,
            6240.25,
            6240.25,
            6240.25,
            6240.25,
            18000.0
        ],
        "total_memory": 221492.0
    }
}