{"model": {"model_name": "GPT_2-6B", "num_layers": 34, "parameters": {"total_parameters_bytes": 11119165440, "parameters_per_layer_bytes": [524288000, 314705920, 314705920, 314705920, 314705920, 314705920, 314705920, 314705920, 314705920, 314705920, 314705920, 314705920, 314705920, 314705920, 314705920, 314705920, 314705920, 314705920, 314705920, 314705920, 314705920, 314705920, 314705920, 314705920, 314705920, 314705920, 314705920, 314705920, 314705920, 314705920, 314705920, 314705920, 314705920, 524288000]}}, "execution_time": {"batch_generator_time_ms": 5.226666666666667, "optimizer_time_ms": 15.286666666666667, "layer_compute_total_ms": [2.9055801010131836, 31.7707470703125, 31.7707470703125, 31.7707470703125, 31.7707470703125, 31.7707470703125, 31.7707470703125, 31.7707470703125, 31.7707470703125, 31.7707470703125, 31.7707470703125, 31.7707470703125, 31.7707470703125, 31.7707470703125, 31.7707470703125, 31.7707470703125, 31.7707470703125, 31.7707470703125, 31.7707470703125, 31.7707470703125, 31.7707470703125, 31.7707470703125, 31.7707470703125, 31.7707470703125, 31.7707470703125, 31.7707470703125, 31.7707470703125, 31.7707470703125, 31.7707470703125, 31.7707470703125, 31.7707470703125, 31.7707470703125, 31.7707470703125, 56.906708984375], "forward_backward_time_ms": 1076.4761953353882}, "execution_memory": {"layer_memory_total_mb": [2758.0, 2466.0625, 2466.0625, 2466.0625, 2466.0625, 2466.0625, 2466.0625, 2466.0625, 2466.0625, 2466.0625, 2466.0625, 2466.0625, 2466.0625, 2466.0625, 2466.0625, 2466.0625, 2466.0625, 2466.0625, 2466.0625, 2466.0625, 2466.0625, 2466.0625, 2466.0625, 2466.0625, 2466.0625, 2466.0625, 2466.0625, 2466.0625, 2466.0625, 2466.0625, 2466.0625, 2466.0625, 2466.0625, 6040.0], "total_memory": 87712.0}}