{
    "model": {
        "model_name": "GPT_2-6B",
        "num_layers": 34,
        "parameters": {
            "total_parameters_bytes": 11119165440,
            "parameters_per_layer_bytes": [
                524288000,
                314705920,
                314705920,
                314705920,
                314705920,
                314705920,
                314705920,
                314705920,
                314705920,
                314705920,
                314705920,
                314705920,
                314705920,
                314705920,
                314705920,
                314705920,
                314705920,
                314705920,
                314705920,
                314705920,
                314705920,
                314705920,
                314705920,
                314705920,
                314705920,
                314705920,
                314705920,
                314705920,
                314705920,
                314705920,
                314705920,
                314705920,
                314705920,
                524288000
            ]
        }
    },
    "execution_time": {
        "total_time_ms": 4818.3,
        "forward_backward_time_ms": 4677.173333333333,
        "batch_generator_time_ms": 39.24666666666666,
        "layernorm_grads_all_reduce_time_ms": 4.793333333333334,
        "embedding_grads_all_reduce_time_ms": 107.47666666666667,
        "optimizer_time_ms": 14.213333333333333,
        "layer_compute_total_ms": [
            49.17905517578125,
            143.71966796875,
            143.71966796875,
            143.71966796875,
            143.71966796875,
            143.71966796875,
            143.71966796875,
            143.71966796875,
            143.71966796875,
            143.71966796875,
            143.71966796875,
            143.71966796875,
            143.71966796875,
            143.71966796875,
            143.71966796875,
            143.71966796875,
            143.71966796875,
            143.71966796875,
            143.71966796875,
            143.71966796875,
            143.71966796875,
            143.71966796875,
            143.71966796875,
            143.71966796875,
            143.71966796875,
            143.71966796875,
            143.71966796875,
            143.71966796875,
            143.71966796875,
            143.71966796875,
            143.71966796875,
            143.71966796875,
            143.71966796875,
            88.8386328125
        ]
    },
    "execution_memory": {
        "layer_memory_total_mb": [
            1942.0,
            1396.1259765625,
            1396.1259765625,
            1396.1259765625,
            1396.1259765625,
            1396.1259765625,
            1396.1259765625,
            1396.1259765625,
            1396.1259765625,
            1396.1259765625,
            1396.1259765625,
            1396.1259765625,
            1396.1259765625,
            1396.1259765625,
            1396.1259765625,
            1396.1259765625,
            1396.1259765625,
            1396.1259765625,
            1396.1259765625,
            1396.1259765625,
            1396.1259765625,
            1396.1259765625,
            1396.1259765625,
            1396.1259765625,
            1396.1259765625,
            1396.1259765625,
            1396.1259765625,
            1396.1259765625,
            1396.1259765625,
            1396.1259765625,
            1396.1259765625,
            1396.1259765625,
            1396.1259765625,
            5000.0
        ],
        "total_memory": 51618.03125
    }
}