{"model": {"model_name": "GPT_2-6B", "num_layers": 34, "parameters": {"total_parameters_bytes": 11119165440, "parameters_per_layer_bytes": [524288000, 314705920, 314705920, 314705920, 314705920, 314705920, 314705920, 314705920, 314705920, 314705920, 314705920, 314705920, 314705920, 314705920, 314705920, 314705920, 314705920, 314705920, 314705920, 314705920, 314705920, 314705920, 314705920, 314705920, 314705920, 314705920, 314705920, 314705920, 314705920, 314705920, 314705920, 314705920, 314705920, 524288000]}}, "execution_time": {"total_time_ms": 6902.8, "forward_backward_time_ms": 6673.549999999999, "batch_generator_time_ms": 10.443333333333333, "layernorm_grads_all_reduce_time_ms": 0.06666666666666667, "embedding_grads_all_reduce_time_ms": 196.13666666666666, "optimizer_time_ms": 17.936666666666667, "layer_compute_total_ms": [7.364137268066406, 188.542216796875, 188.542216796875, 188.542216796875, 188.542216796875, 188.542216796875, 188.542216796875, 188.542216796875, 188.542216796875, 188.542216796875, 188.542216796875, 188.542216796875, 188.542216796875, 188.542216796875, 188.542216796875, 188.542216796875, 188.542216796875, 188.542216796875, 188.542216796875, 188.542216796875, 188.542216796875, 188.542216796875, 188.542216796875, 188.542216796875, 188.542216796875, 188.542216796875, 188.542216796875, 188.542216796875, 188.542216796875, 188.542216796875, 188.542216796875, 188.542216796875, 188.542216796875, 290.7133203125]}, "execution_memory": {"layer_memory_total_mb": [3226.0, 3654.5966796875, 3654.5966796875, 3654.5966796875, 3654.5966796875, 3654.5966796875, 3654.5966796875, 3654.5966796875, 3654.5966796875, 3654.5966796875, 3654.5966796875, 3654.5966796875, 3654.5966796875, 3654.5966796875, 3654.5966796875, 3654.5966796875, 3654.5966796875, 3654.5966796875, 3654.5966796875, 3654.5966796875, 3654.5966796875, 3654.5966796875, 3654.5966796875, 3654.5966796875, 3654.5966796875, 3654.5966796875, 3654.5966796875, 3654.5966796875, 3654.5966796875, 3654.5966796875, 3654.5966796875, 3654.5966796875, 3654.5966796875, 10000.0], "total_memory": 130173.09375}}