{"model": {"model_name": "GPT_2-6B", "num_layers": 34, "parameters": {"total_parameters_bytes": 11119165440, "parameters_per_layer_bytes": [524288000, 314705920, 314705920, 314705920, 314705920, 314705920, 314705920, 314705920, 314705920, 314705920, 314705920, 314705920, 314705920, 314705920, 314705920, 314705920, 314705920, 314705920, 314705920, 314705920, 314705920, 314705920, 314705920, 314705920, 314705920, 314705920, 314705920, 314705920, 314705920, 314705920, 314705920, 314705920, 314705920, 524288000]}}, "execution_time": {"batch_generator_time_ms": 174.33666666666667, "optimizer_time_ms": 15.866666666666667, "layer_compute_total_ms": [203.14259765625, 638.74615234375, 638.74615234375, 638.74615234375, 638.74615234375, 638.74615234375, 638.74615234375, 638.74615234375, 638.74615234375, 638.74615234375, 638.74615234375, 638.74615234375, 638.74615234375, 638.74615234375, 638.74615234375, 638.74615234375, 638.74615234375, 638.74615234375, 638.74615234375, 638.74615234375, 638.74615234375, 638.74615234375, 638.74615234375, 638.74615234375, 638.74615234375, 638.74615234375, 638.74615234375, 638.74615234375, 638.74615234375, 638.74615234375, 638.74615234375, 638.74615234375, 638.74615234375, 221.091953125], "forward_backward_time_ms": 20864.11142578125}, "execution_memory": {"layer_memory_total_mb": [1196.0, 1182.5322265625, 1182.5322265625, 1182.5322265625, 1182.5322265625, 1182.5322265625, 1182.5322265625, 1182.5322265625, 1182.5322265625, 1182.5322265625, 1182.5322265625, 1182.5322265625, 1182.5322265625, 1182.5322265625, 1182.5322265625, 1182.5322265625, 1182.5322265625, 1182.5322265625, 1182.5322265625, 1182.5322265625, 1182.5322265625, 1182.5322265625, 1182.5322265625, 1182.5322265625, 1182.5322265625, 1182.5322265625, 1182.5322265625, 1182.5322265625, 1182.5322265625, 1182.5322265625, 1182.5322265625, 1182.5322265625, 1182.5322265625, 2500.0], "total_memory": 41537.03125}}