{"model": {"model_name": "GPT_2-6B", "num_layers": 34, "parameters": {"total_parameters_bytes": 11119165440, "parameters_per_layer_bytes": [524288000, 314705920, 314705920, 314705920, 314705920, 314705920, 314705920, 314705920, 314705920, 314705920, 314705920, 314705920, 314705920, 314705920, 314705920, 314705920, 314705920, 314705920, 314705920, 314705920, 314705920, 314705920, 314705920, 314705920, 314705920, 314705920, 314705920, 314705920, 314705920, 314705920, 314705920, 314705920, 314705920, 524288000]}}, "execution_time": {"total_time_ms": 7492.233333333334, "forward_backward_time_ms": 7393.376666666667, "batch_generator_time_ms": 88.62, "layernorm_grads_all_reduce_time_ms": 5.12, "embedding_grads_all_reduce_time_ms": 61.5, "optimizer_time_ms": 16.02, "layer_compute_total_ms": [99.70495361328125, 319.734619140625, 319.734619140625, 319.734619140625, 319.734619140625, 319.734619140625, 319.734619140625, 319.734619140625, 319.734619140625, 319.734619140625, 319.734619140625, 319.734619140625, 319.734619140625, 319.734619140625, 319.734619140625, 319.734619140625, 319.734619140625, 319.734619140625, 319.734619140625, 319.734619140625, 319.734619140625, 319.734619140625, 319.734619140625, 319.734619140625, 319.734619140625, 319.734619140625, 319.734619140625, 319.734619140625, 319.734619140625, 319.734619140625, 319.734619140625, 319.734619140625, 319.734619140625, 110.207021484375]}, "execution_memory": {"layer_memory_total_mb": [937.5703125, 947.2666015625, 947.2666015625, 947.2666015625, 947.2666015625, 947.2666015625, 947.2666015625, 947.2666015625, 947.2666015625, 947.2666015625, 947.2666015625, 947.2666015625, 947.2666015625, 947.2666015625, 947.2666015625, 947.2666015625, 947.2666015625, 947.2666015625, 947.2666015625, 947.2666015625, 947.2666015625, 947.2666015625, 947.2666015625, 947.2666015625, 947.2666015625, 947.2666015625, 947.2666015625, 947.2666015625, 947.2666015625, 947.2666015625, 947.2666015625, 947.2666015625, 947.2666015625, 1500.0], "total_memory": 32750.1015625}}