{
    "model": {
        "model_name": "GPT_2-6B",
        "num_layers": 34,
        "parameters": {
            "total_parameters_bytes": 11119165440,
            "parameters_per_layer_bytes": [
                524288000,
                314705920,
                314705920,
                314705920,
                314705920,
                314705920,
                314705920,
                314705920,
                314705920,
                314705920,
                314705920,
                314705920,
                314705920,
                314705920,
                314705920,
                314705920,
                314705920,
                314705920,
                314705920,
                314705920,
                314705920,
                314705920,
                314705920,
                314705920,
                314705920,
                314705920,
                314705920,
                314705920,
                314705920,
                314705920,
                314705920,
                314705920,
                314705920,
                524288000
            ]
        }
    },
    "execution_time": {
        "total_time_ms": 2483.9333333333334,
        "forward_backward_time_ms": 2345.66,
        "batch_generator_time_ms": 20.10666666666667,
        "layernorm_grads_all_reduce_time_ms": 2.5033333333333334,
        "embedding_grads_all_reduce_time_ms": 109.61666666666667,
        "optimizer_time_ms": 14.493333333333334,
        "layer_compute_total_ms": [
            23.059375,
            71.262021484375,
            71.262021484375,
            71.262021484375,
            71.262021484375,
            71.262021484375,
            71.262021484375,
            71.262021484375,
            71.262021484375,
            71.262021484375,
            71.262021484375,
            71.262021484375,
            71.262021484375,
            71.262021484375,
            71.262021484375,
            71.262021484375,
            71.262021484375,
            71.262021484375,
            71.262021484375,
            71.262021484375,
            71.262021484375,
            71.262021484375,
            71.262021484375,
            71.262021484375,
            71.262021484375,
            71.262021484375,
            71.262021484375,
            71.262021484375,
            71.262021484375,
            71.262021484375,
            71.262021484375,
            71.262021484375,
            71.262021484375,
            44.0278857421875
        ]
    },
    "execution_memory": {
        "layer_memory_total_mb": [
            1564.0703125,
            1015.5634765625,
            1015.5634765625,
            1015.5634765625,
            1015.5634765625,
            1015.5634765625,
            1015.5634765625,
            1015.5634765625,
            1015.5634765625,
            1015.5634765625,
            1015.5634765625,
            1015.5634765625,
            1015.5634765625,
            1015.5634765625,
            1015.5634765625,
            1015.5634765625,
            1015.5634765625,
            1015.5634765625,
            1015.5634765625,
            1015.5634765625,
            1015.5634765625,
            1015.5634765625,
            1015.5634765625,
            1015.5634765625,
            1015.5634765625,
            1015.5634765625,
            1015.5634765625,
            1015.5634765625,
            1015.5634765625,
            1015.5634765625,
            1015.5634765625,
            1015.5634765625,
            1015.5634765625,
            3000.0
        ],
        "total_memory": 37062.1015625
    }
}