{"model": {"model_name": "GPT_2-6B", "num_layers": 34, "parameters": {"total_parameters_bytes": 11119165440, "parameters_per_layer_bytes": [524288000, 314705920, 314705920, 314705920, 314705920, 314705920, 314705920, 314705920, 314705920, 314705920, 314705920, 314705920, 314705920, 314705920, 314705920, 314705920, 314705920, 314705920, 314705920, 314705920, 314705920, 314705920, 314705920, 314705920, 314705920, 314705920, 314705920, 314705920, 314705920, 314705920, 314705920, 314705920, 314705920, 524288000]}}, "execution_time": {"batch_generator_time_ms": 24.099999999999998, "optimizer_time_ms": 13.88, "layer_compute_total_ms": [23.952998046875, 69.55399169921876, 69.55399169921876, 69.55399169921876, 69.55399169921876, 69.55399169921876, 69.55399169921876, 69.55399169921876, 69.55399169921876, 69.55399169921876, 69.55399169921876, 69.55399169921876, 69.55399169921876, 69.55399169921876, 69.55399169921876, 69.55399169921876, 69.55399169921876, 69.55399169921876, 69.55399169921876, 69.55399169921876, 69.55399169921876, 69.55399169921876, 69.55399169921876, 69.55399169921876, 69.55399169921876, 69.55399169921876, 69.55399169921876, 69.55399169921876, 69.55399169921876, 69.55399169921876, 69.55399169921876, 69.55399169921876, 69.55399169921876, 30.4193115234375], "forward_backward_time_ms": 2280.1000439453137}, "execution_memory": {"layer_memory_total_mb": [937.5703125, 947.2666015625, 947.2666015625, 947.2666015625, 947.2666015625, 947.2666015625, 947.2666015625, 947.2666015625, 947.2666015625, 947.2666015625, 947.2666015625, 947.2666015625, 947.2666015625, 947.2666015625, 947.2666015625, 947.2666015625, 947.2666015625, 947.2666015625, 947.2666015625, 947.2666015625, 947.2666015625, 947.2666015625, 947.2666015625, 947.2666015625, 947.2666015625, 947.2666015625, 947.2666015625, 947.2666015625, 947.2666015625, 947.2666015625, 947.2666015625, 947.2666015625, 947.2666015625, 1500.0], "total_memory": 32750.1015625}}