{"model": {"model_name": "GPT_2-6B", "num_layers": 34, "parameters": {"total_parameters_bytes": 11119165440, "parameters_per_layer_bytes": [524288000, 314705920, 314705920, 314705920, 314705920, 314705920, 314705920, 314705920, 314705920, 314705920, 314705920, 314705920, 314705920, 314705920, 314705920, 314705920, 314705920, 314705920, 314705920, 314705920, 314705920, 314705920, 314705920, 314705920, 314705920, 314705920, 314705920, 314705920, 314705920, 314705920, 314705920, 314705920, 314705920, 524288000]}}, "execution_time": {"total_time_ms": 9554.5, "forward_backward_time_ms": 9467.15, "batch_generator_time_ms": 97.66333333333334, "layernorm_grads_all_reduce_time_ms": 5.863333333333333, "embedding_grads_all_reduce_time_ms": 54.416666666666664, "optimizer_time_ms": 13.61, "layer_compute_total_ms": [97.8803076171875, 282.3174609375, 282.3174609375, 282.3174609375, 282.3174609375, 282.3174609375, 282.3174609375, 282.3174609375, 282.3174609375, 282.3174609375, 282.3174609375, 282.3174609375, 282.3174609375, 282.3174609375, 282.3174609375, 282.3174609375, 282.3174609375, 282.3174609375, 282.3174609375, 282.3174609375, 282.3174609375, 282.3174609375, 282.3174609375, 282.3174609375, 282.3174609375, 282.3174609375, 282.3174609375, 282.3174609375, 282.3174609375, 282.3174609375, 282.3174609375, 282.3174609375, 282.3174609375, 121.017568359375]}, "execution_memory": {"layer_memory_total_mb": [1774.0, 1868.0625, 1868.0625, 1868.0625, 1868.0625, 1868.0625, 1868.0625, 1868.0625, 1868.0625, 1868.0625, 1868.0625, 1868.0625, 1868.0625, 1868.0625, 1868.0625, 1868.0625, 1868.0625, 1868.0625, 1868.0625, 1868.0625, 1868.0625, 1868.0625, 1868.0625, 1868.0625, 1868.0625, 1868.0625, 1868.0625, 1868.0625, 1868.0625, 1868.0625, 1868.0625, 1868.0625, 1868.0625, 4500.0], "total_memory": 66052.0}}