{"model": {"model_name": "GPT_2-6B", "num_layers": 34, "parameters": {"total_parameters_bytes": 11119165440, "parameters_per_layer_bytes": [524288000, 314705920, 314705920, 314705920, 314705920, 314705920, 314705920, 314705920, 314705920, 314705920, 314705920, 314705920, 314705920, 314705920, 314705920, 314705920, 314705920, 314705920, 314705920, 314705920, 314705920, 314705920, 314705920, 314705920, 314705920, 314705920, 314705920, 314705920, 314705920, 314705920, 314705920, 314705920, 314705920, 524288000]}}, "execution_time": {"batch_generator_time_ms": 25.419999999999998, "optimizer_time_ms": 13.503333333333332, "layer_compute_total_ms": [48.35102783203125, 137.79197265625, 137.79197265625, 137.79197265625, 137.79197265625, 137.79197265625, 137.79197265625, 137.79197265625, 137.79197265625, 137.79197265625, 137.79197265625, 137.79197265625, 137.79197265625, 137.79197265625, 137.79197265625, 137.79197265625, 137.79197265625, 137.79197265625, 137.79197265625, 137.79197265625, 137.79197265625, 137.79197265625, 137.79197265625, 137.79197265625, 137.79197265625, 137.79197265625, 137.79197265625, 137.79197265625, 137.79197265625, 137.79197265625, 137.79197265625, 137.79197265625, 137.79197265625, 60.1421630859375], "forward_backward_time_ms": 4517.83631591797}, "execution_memory": {"layer_memory_total_mb": [1276.0, 1072.03125, 1072.03125, 1072.03125, 1072.03125, 1072.03125, 1072.03125, 1072.03125, 1072.03125, 1072.03125, 1072.03125, 1072.03125, 1072.03125, 1072.03125, 1072.03125, 1072.03125, 1072.03125, 1072.03125, 1072.03125, 1072.03125, 1072.03125, 1072.03125, 1072.03125, 1072.03125, 1072.03125, 1072.03125, 1072.03125, 1072.03125, 1072.03125, 1072.03125, 1072.03125, 1072.03125, 1072.03125, 2580.0], "total_memory": 38161.0}}