{"model": {"model_name": "GPT_2-6B", "num_layers": 34, "parameters": {"total_parameters_bytes": 11119165440, "parameters_per_layer_bytes": [524288000, 314705920, 314705920, 314705920, 314705920, 314705920, 314705920, 314705920, 314705920, 314705920, 314705920, 314705920, 314705920, 314705920, 314705920, 314705920, 314705920, 314705920, 314705920, 314705920, 314705920, 314705920, 314705920, 314705920, 314705920, 314705920, 314705920, 314705920, 314705920, 314705920, 314705920, 314705920, 314705920, 524288000]}}, "execution_time": {"batch_generator_time_ms": 93.57, "optimizer_time_ms": 15.243333333333332, "layer_compute_total_ms": [202.71939453125, 632.22302734375, 632.22302734375, 632.22302734375, 632.22302734375, 632.22302734375, 632.22302734375, 632.22302734375, 632.22302734375, 632.22302734375, 632.22302734375, 632.22302734375, 632.22302734375, 632.22302734375, 632.22302734375, 632.22302734375, 632.22302734375, 632.22302734375, 632.22302734375, 632.22302734375, 632.22302734375, 632.22302734375, 632.22302734375, 632.22302734375, 632.22302734375, 632.22302734375, 632.22302734375, 632.22302734375, 632.22302734375, 632.22302734375, 632.22302734375, 632.22302734375, 632.22302734375, 221.1690625], "forward_backward_time_ms": 20655.025332031255}, "execution_memory": {"layer_memory_total_mb": [1276.0, 1104.03125, 1104.03125, 1104.03125, 1104.03125, 1104.03125, 1104.03125, 1104.03125, 1104.03125, 1104.03125, 1104.03125, 1104.03125, 1104.03125, 1104.03125, 1104.03125, 1104.03125, 1104.03125, 1104.03125, 1104.03125, 1104.03125, 1104.03125, 1104.03125, 1104.03125, 1104.03125, 1104.03125, 1104.03125, 1104.03125, 1104.03125, 1104.03125, 1104.03125, 1104.03125, 1104.03125, 1104.03125, 2580.0], "total_memory": 39185.0}}