{"model": {"model_name": "GPT_2-6B", "num_layers": 34, "parameters": {"total_parameters_bytes": 11119165440, "parameters_per_layer_bytes": [524288000, 314705920, 314705920, 314705920, 314705920, 314705920, 314705920, 314705920, 314705920, 314705920, 314705920, 314705920, 314705920, 314705920, 314705920, 314705920, 314705920, 314705920, 314705920, 314705920, 314705920, 314705920, 314705920, 314705920, 314705920, 314705920, 314705920, 314705920, 314705920, 314705920, 314705920, 314705920, 314705920, 524288000]}}, "execution_time": {"batch_generator_time_ms": 5.613333333333334, "optimizer_time_ms": 13.479999999999999, "layer_compute_total_ms": [11.615805053710938, 34.540380859375, 34.540380859375, 34.540380859375, 34.540380859375, 34.540380859375, 34.540380859375, 34.540380859375, 34.540380859375, 34.540380859375, 34.540380859375, 34.540380859375, 34.540380859375, 34.540380859375, 34.540380859375, 34.540380859375, 34.540380859375, 34.540380859375, 34.540380859375, 34.540380859375, 34.540380859375, 34.540380859375, 34.540380859375, 34.540380859375, 34.540380859375, 34.540380859375, 34.540380859375, 34.540380859375, 34.540380859375, 34.540380859375, 34.540380859375, 34.540380859375, 34.540380859375, 22.07373291015625], "forward_backward_time_ms": 1138.981725463867}, "execution_memory": {"layer_memory_total_mb": [1420.0, 849.2822265625, 849.2822265625, 849.2822265625, 849.2822265625, 849.2822265625, 849.2822265625, 849.2822265625, 849.2822265625, 849.2822265625, 849.2822265625, 849.2822265625, 849.2822265625, 849.2822265625, 849.2822265625, 849.2822265625, 849.2822265625, 849.2822265625, 849.2822265625, 849.2822265625, 849.2822265625, 849.2822265625, 849.2822265625, 849.2822265625, 849.2822265625, 849.2822265625, 849.2822265625, 849.2822265625, 849.2822265625, 849.2822265625, 849.2822265625, 849.2822265625, 849.2822265625, 2000.0], "total_memory": 30597.03125}}