{"model": {"model_name": "GPT_2-6B", "num_layers": 34, "parameters": {"total_parameters_bytes": 11119165440, "parameters_per_layer_bytes": [524288000, 314705920, 314705920, 314705920, 314705920, 314705920, 314705920, 314705920, 314705920, 314705920, 314705920, 314705920, 314705920, 314705920, 314705920, 314705920, 314705920, 314705920, 314705920, 314705920, 314705920, 314705920, 314705920, 314705920, 314705920, 314705920, 314705920, 314705920, 314705920, 314705920, 314705920, 314705920, 314705920, 524288000]}}, "execution_time": {"batch_generator_time_ms": 5.236666666666667, "optimizer_time_ms": 14.780000000000001, "layer_compute_total_ms": [4.220149841308594, 53.7061572265625, 53.7061572265625, 53.7061572265625, 53.7061572265625, 53.7061572265625, 53.7061572265625, 53.7061572265625, 53.7061572265625, 53.7061572265625, 53.7061572265625, 53.7061572265625, 53.7061572265625, 53.7061572265625, 53.7061572265625, 53.7061572265625, 53.7061572265625, 53.7061572265625, 53.7061572265625, 53.7061572265625, 53.7061572265625, 53.7061572265625, 53.7061572265625, 53.7061572265625, 53.7061572265625, 53.7061572265625, 53.7061572265625, 53.7061572265625, 53.7061572265625, 53.7061572265625, 53.7061572265625, 53.7061572265625, 53.7061572265625, 112.74841796875], "forward_backward_time_ms": 1835.565599060058}, "execution_memory": {"layer_memory_total_mb": [3026.0, 3442.7216796875, 3442.7216796875, 3442.7216796875, 3442.7216796875, 3442.7216796875, 3442.7216796875, 3442.7216796875, 3442.7216796875, 3442.7216796875, 3442.7216796875, 3442.7216796875, 3442.7216796875, 3442.7216796875, 3442.7216796875, 3442.7216796875, 3442.7216796875, 3442.7216796875, 3442.7216796875, 3442.7216796875, 3442.7216796875, 3442.7216796875, 3442.7216796875, 3442.7216796875, 3442.7216796875, 3442.7216796875, 3442.7216796875, 3442.7216796875, 3442.7216796875, 3442.7216796875, 3442.7216796875, 3442.7216796875, 3442.7216796875, 10000.0], "total_memory": 123193.09375}}