{"model": {"model_name": "GPT_2-6B", "num_layers": 34, "parameters": {"total_parameters_bytes": 11119165440, "parameters_per_layer_bytes": [524288000, 314705920, 314705920, 314705920, 314705920, 314705920, 314705920, 314705920, 314705920, 314705920, 314705920, 314705920, 314705920, 314705920, 314705920, 314705920, 314705920, 314705920, 314705920, 314705920, 314705920, 314705920, 314705920, 314705920, 314705920, 314705920, 314705920, 314705920, 314705920, 314705920, 314705920, 314705920, 314705920, 524288000]}}, "execution_time": {"batch_generator_time_ms": 13.36, "optimizer_time_ms": 13.636666666666668, "layer_compute_total_ms": [23.7720166015625, 68.63943603515625, 68.63943603515625, 68.63943603515625, 68.63943603515625, 68.63943603515625, 68.63943603515625, 68.63943603515625, 68.63943603515625, 68.63943603515625, 68.63943603515625, 68.63943603515625, 68.63943603515625, 68.63943603515625, 68.63943603515625, 68.63943603515625, 68.63943603515625, 68.63943603515625, 68.63943603515625, 68.63943603515625, 68.63943603515625, 68.63943603515625, 68.63943603515625, 68.63943603515625, 68.63943603515625, 68.63943603515625, 68.63943603515625, 68.63943603515625, 68.63943603515625, 68.63943603515625, 68.63943603515625, 68.63943603515625, 68.63943603515625, 30.1365869140625], "forward_backward_time_ms": 2250.370556640625}, "execution_memory": {"layer_memory_total_mb": [1012.0, 948.2666015625, 948.2666015625, 948.2666015625, 948.2666015625, 948.2666015625, 948.2666015625, 948.2666015625, 948.2666015625, 948.2666015625, 948.2666015625, 948.2666015625, 948.2666015625, 948.2666015625, 948.2666015625, 948.2666015625, 948.2666015625, 948.2666015625, 948.2666015625, 948.2666015625, 948.2666015625, 948.2666015625, 948.2666015625, 948.2666015625, 948.2666015625, 948.2666015625, 948.2666015625, 948.2666015625, 948.2666015625, 948.2666015625, 948.2666015625, 948.2666015625, 948.2666015625, 1540.0], "total_memory": 32896.53125}}