{
    "model": {
        "model_name": "GPT_2-6B",
        "num_layers": 34,
        "parameters": {
            "total_parameters_bytes": 11119165440,
            "parameters_per_layer_bytes": [
                524288000,
                314705920,
                314705920,
                314705920,
                314705920,
                314705920,
                314705920,
                314705920,
                314705920,
                314705920,
                314705920,
                314705920,
                314705920,
                314705920,
                314705920,
                314705920,
                314705920,
                314705920,
                314705920,
                314705920,
                314705920,
                314705920,
                314705920,
                314705920,
                314705920,
                314705920,
                314705920,
                314705920,
                314705920,
                314705920,
                314705920,
                314705920,
                314705920,
                524288000
            ]
        }
    },
    "execution_time": {
        "batch_generator_time_ms": 32.376666666666665,
        "optimizer_time_ms": 16.22,
        "layer_compute_total_ms": [
            74.28806396484374,
            234.081806640625,
            234.081806640625,
            234.081806640625,
            234.081806640625,
            234.081806640625,
            234.081806640625,
            234.081806640625,
            234.081806640625,
            234.081806640625,
            234.081806640625,
            234.081806640625,
            234.081806640625,
            234.081806640625,
            234.081806640625,
            234.081806640625,
            234.081806640625,
            234.081806640625,
            234.081806640625,
            234.081806640625,
            234.081806640625,
            234.081806640625,
            234.081806640625,
            234.081806640625,
            234.081806640625,
            234.081806640625,
            234.081806640625,
            234.081806640625,
            234.081806640625,
            234.081806640625,
            234.081806640625,
            234.081806640625,
            234.081806640625,
            128.145751953125
        ],
        "forward_backward_time_ms": 7693.051628417962
    },
    "execution_memory": {
        "layer_memory_total_mb": [
            1614.0,
            1035.5634765625,
            1035.5634765625,
            1035.5634765625,
            1035.5634765625,
            1035.5634765625,
            1035.5634765625,
            1035.5634765625,
            1035.5634765625,
            1035.5634765625,
            1035.5634765625,
            1035.5634765625,
            1035.5634765625,
            1035.5634765625,
            1035.5634765625,
            1035.5634765625,
            1035.5634765625,
            1035.5634765625,
            1035.5634765625,
            1035.5634765625,
            1035.5634765625,
            1035.5634765625,
            1035.5634765625,
            1035.5634765625,
            1035.5634765625,
            1035.5634765625,
            1035.5634765625,
            1035.5634765625,
            1035.5634765625,
            1035.5634765625,
            1035.5634765625,
            1035.5634765625,
            1035.5634765625,
            3000.0
        ],
        "total_memory": 37752.03125
    }
}