{"model": {"model_name": "GPT_2-6B", "num_layers": 34, "parameters": {"total_parameters_bytes": 11119165440, "parameters_per_layer_bytes": [524288000, 314705920, 314705920, 314705920, 314705920, 314705920, 314705920, 314705920, 314705920, 314705920, 314705920, 314705920, 314705920, 314705920, 314705920, 314705920, 314705920, 314705920, 314705920, 314705920, 314705920, 314705920, 314705920, 314705920, 314705920, 314705920, 314705920, 314705920, 314705920, 314705920, 314705920, 314705920, 314705920, 524288000]}}, "execution_time": {"batch_generator_time_ms": 11.13, "optimizer_time_ms": 13.62, "layer_compute_total_ms": [22.908251953125, 68.8536572265625, 68.8536572265625, 68.8536572265625, 68.8536572265625, 68.8536572265625, 68.8536572265625, 68.8536572265625, 68.8536572265625, 68.8536572265625, 68.8536572265625, 68.8536572265625, 68.8536572265625, 68.8536572265625, 68.8536572265625, 68.8536572265625, 68.8536572265625, 68.8536572265625, 68.8536572265625, 68.8536572265625, 68.8536572265625, 68.8536572265625, 68.8536572265625, 68.8536572265625, 68.8536572265625, 68.8536572265625, 68.8536572265625, 68.8536572265625, 68.8536572265625, 68.8536572265625, 68.8536572265625, 68.8536572265625, 68.8536572265625, 44.271943359375], "forward_backward_time_ms": 2270.4972265625006}, "execution_memory": {"layer_memory_total_mb": [1614.0, 1035.5634765625, 1035.5634765625, 1035.5634765625, 1035.5634765625, 1035.5634765625, 1035.5634765625, 1035.5634765625, 1035.5634765625, 1035.5634765625, 1035.5634765625, 1035.5634765625, 1035.5634765625, 1035.5634765625, 1035.5634765625, 1035.5634765625, 1035.5634765625, 1035.5634765625, 1035.5634765625, 1035.5634765625, 1035.5634765625, 1035.5634765625, 1035.5634765625, 1035.5634765625, 1035.5634765625, 1035.5634765625, 1035.5634765625, 1035.5634765625, 1035.5634765625, 1035.5634765625, 1035.5634765625, 1035.5634765625, 1035.5634765625, 3000.0], "total_memory": 37752.03125}}