{"model": {"model_name": "GPT_2-6B", "num_layers": 34, "parameters": {"total_parameters_bytes": 11119165440, "parameters_per_layer_bytes": [524288000, 314705920, 314705920, 314705920, 314705920, 314705920, 314705920, 314705920, 314705920, 314705920, 314705920, 314705920, 314705920, 314705920, 314705920, 314705920, 314705920, 314705920, 314705920, 314705920, 314705920, 314705920, 314705920, 314705920, 314705920, 314705920, 314705920, 314705920, 314705920, 314705920, 314705920, 314705920, 314705920, 524288000]}}, "execution_time": {"batch_generator_time_ms": 25.83, "optimizer_time_ms": 16.78, "layer_compute_total_ms": [37.3344873046875, 122.137822265625, 122.137822265625, 122.137822265625, 122.137822265625, 122.137822265625, 122.137822265625, 122.137822265625, 122.137822265625, 122.137822265625, 122.137822265625, 122.137822265625, 122.137822265625, 122.137822265625, 122.137822265625, 122.137822265625, 122.137822265625, 122.137822265625, 122.137822265625, 122.137822265625, 122.137822265625, 122.137822265625, 122.137822265625, 122.137822265625, 122.137822265625, 122.137822265625, 122.137822265625, 122.137822265625, 122.137822265625, 122.137822265625, 122.137822265625, 122.137822265625, 122.137822265625, 41.5080859375], "forward_backward_time_ms": 3987.252885742185}, "execution_memory": {"layer_memory_total_mb": [665.5703125, 715.9130859375, 715.9130859375, 715.9130859375, 715.9130859375, 715.9130859375, 715.9130859375, 715.9130859375, 715.9130859375, 715.9130859375, 715.9130859375, 715.9130859375, 715.9130859375, 715.9130859375, 715.9130859375, 715.9130859375, 715.9130859375, 715.9130859375, 715.9130859375, 715.9130859375, 715.9130859375, 715.9130859375, 715.9130859375, 715.9130859375, 715.9130859375, 715.9130859375, 715.9130859375, 715.9130859375, 715.9130859375, 715.9130859375, 715.9130859375, 715.9130859375, 715.9130859375, 750.0], "total_memory": 24324.7890625}}