{"model": {"model_name": "GPT_2-6B", "num_layers": 34, "parameters": {"total_parameters_bytes": 11119165440, "parameters_per_layer_bytes": [524288000, 314705920, 314705920, 314705920, 314705920, 314705920, 314705920, 314705920, 314705920, 314705920, 314705920, 314705920, 314705920, 314705920, 314705920, 314705920, 314705920, 314705920, 314705920, 314705920, 314705920, 314705920, 314705920, 314705920, 314705920, 314705920, 314705920, 314705920, 314705920, 314705920, 314705920, 314705920, 314705920, 524288000]}}, "execution_time": {"batch_generator_time_ms": 88.62, "optimizer_time_ms": 16.02, "layer_compute_total_ms": [99.70495361328125, 319.734619140625, 319.734619140625, 319.734619140625, 319.734619140625, 319.734619140625, 319.734619140625, 319.734619140625, 319.734619140625, 319.734619140625, 319.734619140625, 319.734619140625, 319.734619140625, 319.734619140625, 319.734619140625, 319.734619140625, 319.734619140625, 319.734619140625, 319.734619140625, 319.734619140625, 319.734619140625, 319.734619140625, 319.734619140625, 319.734619140625, 319.734619140625, 319.734619140625, 319.734619140625, 319.734619140625, 319.734619140625, 319.734619140625, 319.734619140625, 319.734619140625, 319.734619140625, 110.207021484375], "forward_backward_time_ms": 10441.419787597657}, "execution_memory": {"layer_memory_total_mb": [937.5703125, 947.2666015625, 947.2666015625, 947.2666015625, 947.2666015625, 947.2666015625, 947.2666015625, 947.2666015625, 947.2666015625, 947.2666015625, 947.2666015625, 947.2666015625, 947.2666015625, 947.2666015625, 947.2666015625, 947.2666015625, 947.2666015625, 947.2666015625, 947.2666015625, 947.2666015625, 947.2666015625, 947.2666015625, 947.2666015625, 947.2666015625, 947.2666015625, 947.2666015625, 947.2666015625, 947.2666015625, 947.2666015625, 947.2666015625, 947.2666015625, 947.2666015625, 947.2666015625, 1500.0], "total_memory": 32750.1015625}}