{"model": {"model_name": "GPT_2-6B", "num_layers": 34, "parameters": {"total_parameters_bytes": 11119165440, "parameters_per_layer_bytes": [524288000, 314705920, 314705920, 314705920, 314705920, 314705920, 314705920, 314705920, 314705920, 314705920, 314705920, 314705920, 314705920, 314705920, 314705920, 314705920, 314705920, 314705920, 314705920, 314705920, 314705920, 314705920, 314705920, 314705920, 314705920, 314705920, 314705920, 314705920, 314705920, 314705920, 314705920, 314705920, 314705920, 524288000]}}, "execution_time": {"batch_generator_time_ms": 77.06333333333333, "optimizer_time_ms": 14.306666666666667, "layer_compute_total_ms": [95.3900244140625, 292.595263671875, 292.595263671875, 292.595263671875, 292.595263671875, 292.595263671875, 292.595263671875, 292.595263671875, 292.595263671875, 292.595263671875, 292.595263671875, 292.595263671875, 292.595263671875, 292.595263671875, 292.595263671875, 292.595263671875, 292.595263671875, 292.595263671875, 292.595263671875, 292.595263671875, 292.595263671875, 292.595263671875, 292.595263671875, 292.595263671875, 292.595263671875, 292.595263671875, 292.595263671875, 292.595263671875, 292.595263671875, 292.595263671875, 292.595263671875, 292.595263671875, 292.595263671875, 177.20138671875], "forward_backward_time_ms": 9635.639848632813}, "execution_memory": {"layer_memory_total_mb": [2554.0, 2117.2509765625, 2117.2509765625, 2117.2509765625, 2117.2509765625, 2117.2509765625, 2117.2509765625, 2117.2509765625, 2117.2509765625, 2117.2509765625, 2117.2509765625, 2117.2509765625, 2117.2509765625, 2117.2509765625, 2117.2509765625, 2117.2509765625, 2117.2509765625, 2117.2509765625, 2117.2509765625, 2117.2509765625, 2117.2509765625, 2117.2509765625, 2117.2509765625, 2117.2509765625, 2117.2509765625, 2117.2509765625, 2117.2509765625, 2117.2509765625, 2117.2509765625, 2117.2509765625, 2117.2509765625, 2117.2509765625, 2117.2509765625, 9000.0], "total_memory": 79306.03125}}