{"model": {"model_name": "GPT_2-6B", "num_layers": 34, "parameters": {"total_parameters_bytes": 11119165440, "parameters_per_layer_bytes": [524288000, 314705920, 314705920, 314705920, 314705920, 314705920, 314705920, 314705920, 314705920, 314705920, 314705920, 314705920, 314705920, 314705920, 314705920, 314705920, 314705920, 314705920, 314705920, 314705920, 314705920, 314705920, 314705920, 314705920, 314705920, 314705920, 314705920, 314705920, 314705920, 314705920, 314705920, 314705920, 314705920, 524288000]}}, "execution_time": {"batch_generator_time_ms": 46.54333333333333, "optimizer_time_ms": 13.473333333333334, "layer_compute_total_ms": [49.11067138671875, 139.36283203125, 139.36283203125, 139.36283203125, 139.36283203125, 139.36283203125, 139.36283203125, 139.36283203125, 139.36283203125, 139.36283203125, 139.36283203125, 139.36283203125, 139.36283203125, 139.36283203125, 139.36283203125, 139.36283203125, 139.36283203125, 139.36283203125, 139.36283203125, 139.36283203125, 139.36283203125, 139.36283203125, 139.36283203125, 139.36283203125, 139.36283203125, 139.36283203125, 139.36283203125, 139.36283203125, 139.36283203125, 139.36283203125, 139.36283203125, 139.36283203125, 139.36283203125, 60.22283203125], "forward_backward_time_ms": 4568.944128417969}, "execution_memory": {"layer_memory_total_mb": [1196.0, 1242.03125, 1242.03125, 1242.03125, 1242.03125, 1242.03125, 1242.03125, 1242.03125, 1242.03125, 1242.03125, 1242.03125, 1242.03125, 1242.03125, 1242.03125, 1242.03125, 1242.03125, 1242.03125, 1242.03125, 1242.03125, 1242.03125, 1242.03125, 1242.03125, 1242.03125, 1242.03125, 1242.03125, 1242.03125, 1242.03125, 1242.03125, 1242.03125, 1242.03125, 1242.03125, 1242.03125, 1242.03125, 2500.0], "total_memory": 43441.0}}