{"model": {"model_name": "GPT_2-6B", "num_layers": 34, "parameters": {"total_parameters_bytes": 11119165440, "parameters_per_layer_bytes": [524288000, 314705920, 314705920, 314705920, 314705920, 314705920, 314705920, 314705920, 314705920, 314705920, 314705920, 314705920, 314705920, 314705920, 314705920, 314705920, 314705920, 314705920, 314705920, 314705920, 314705920, 314705920, 314705920, 314705920, 314705920, 314705920, 314705920, 314705920, 314705920, 314705920, 314705920, 314705920, 314705920, 524288000]}}, "execution_time": {"batch_generator_time_ms": 283.80333333333334, "optimizer_time_ms": 16.1, "layer_compute_total_ms": [452.407373046875, 1446.011640625, 1446.011640625, 1446.011640625, 1446.011640625, 1446.011640625, 1446.011640625, 1446.011640625, 1446.011640625, 1446.011640625, 1446.011640625, 1446.011640625, 1446.011640625, 1446.011640625, 1446.011640625, 1446.011640625, 1446.011640625, 1446.011640625, 1446.011640625, 1446.011640625, 1446.011640625, 1446.011640625, 1446.011640625, 1446.011640625, 1446.011640625, 1446.011640625, 1446.011640625, 1446.011640625, 1446.011640625, 1446.011640625, 1446.011640625, 1446.011640625, 1446.011640625, 460.279375], "forward_backward_time_ms": 47185.059248046906}, "execution_memory": {"layer_memory_total_mb": [1644.0, 1140.03125, 1140.03125, 1140.03125, 1140.03125, 1140.03125, 1140.03125, 1140.03125, 1140.03125, 1140.03125, 1140.03125, 1140.03125, 1140.03125, 1140.03125, 1140.03125, 1140.03125, 1140.03125, 1140.03125, 1140.03125, 1140.03125, 1140.03125, 1140.03125, 1140.03125, 1140.03125, 1140.03125, 1140.03125, 1140.03125, 1140.03125, 1140.03125, 1140.03125, 1140.03125, 1140.03125, 1140.03125, 2250.0], "total_memory": 40375.0}}