{
    "model": {
        "model_name": "GPT_2-6B",
        "num_layers": 34,
        "parameters": {
            "total_parameters_bytes": 11119165440,
            "parameters_per_layer_bytes": [
                524288000,
                314705920,
                314705920,
                314705920,
                314705920,
                314705920,
                314705920,
                314705920,
                314705920,
                314705920,
                314705920,
                314705920,
                314705920,
                314705920,
                314705920,
                314705920,
                314705920,
                314705920,
                314705920,
                314705920,
                314705920,
                314705920,
                314705920,
                314705920,
                314705920,
                314705920,
                314705920,
                314705920,
                314705920,
                314705920,
                314705920,
                314705920,
                314705920,
                524288000
            ]
        }
    },
    "execution_time": {
        "batch_generator_time_ms": 10.263333333333334,
        "optimizer_time_ms": 15.063333333333333,
        "layer_compute_total_ms": [
            4.622356414794922,
            62.67986083984375,
            62.67986083984375,
            62.67986083984375,
            62.67986083984375,
            62.67986083984375,
            62.67986083984375,
            62.67986083984375,
            62.67986083984375,
            62.67986083984375,
            62.67986083984375,
            62.67986083984375,
            62.67986083984375,
            62.67986083984375,
            62.67986083984375,
            62.67986083984375,
            62.67986083984375,
            62.67986083984375,
            62.67986083984375,
            62.67986083984375,
            62.67986083984375,
            62.67986083984375,
            62.67986083984375,
            62.67986083984375,
            62.67986083984375,
            62.67986083984375,
            62.67986083984375,
            62.67986083984375,
            62.67986083984375,
            62.67986083984375,
            62.67986083984375,
            62.67986083984375,
            62.67986083984375,
            113.988857421875
        ],
        "forward_backward_time_ms": 2124.3667607116695
    },
    "execution_memory": {
        "layer_memory_total_mb": [
            3226.0,
            3574.5966796875,
            3574.5966796875,
            3574.5966796875,
            3574.5966796875,
            3574.5966796875,
            3574.5966796875,
            3574.5966796875,
            3574.5966796875,
            3574.5966796875,
            3574.5966796875,
            3574.5966796875,
            3574.5966796875,
            3574.5966796875,
            3574.5966796875,
            3574.5966796875,
            3574.5966796875,
            3574.5966796875,
            3574.5966796875,
            3574.5966796875,
            3574.5966796875,
            3574.5966796875,
            3574.5966796875,
            3574.5966796875,
            3574.5966796875,
            3574.5966796875,
            3574.5966796875,
            3574.5966796875,
            3574.5966796875,
            3574.5966796875,
            3574.5966796875,
            3574.5966796875,
            3574.5966796875,
            10000.0
        ],
        "total_memory": 127613.09375
    }
}