{"model": {"model_name": "GPT_2-6B", "num_layers": 34, "parameters": {"total_parameters_bytes": 11119165440, "parameters_per_layer_bytes": [524288000, 314705920, 314705920, 314705920, 314705920, 314705920, 314705920, 314705920, 314705920, 314705920, 314705920, 314705920, 314705920, 314705920, 314705920, 314705920, 314705920, 314705920, 314705920, 314705920, 314705920, 314705920, 314705920, 314705920, 314705920, 314705920, 314705920, 314705920, 314705920, 314705920, 314705920, 314705920, 314705920, 524288000]}}, "execution_time": {"batch_generator_time_ms": 76.79, "optimizer_time_ms": 16.91, "layer_compute_total_ms": [111.8326220703125, 361.368984375, 361.368984375, 361.368984375, 361.368984375, 361.368984375, 361.368984375, 361.368984375, 361.368984375, 361.368984375, 361.368984375, 361.368984375, 361.368984375, 361.368984375, 361.368984375, 361.368984375, 361.368984375, 361.368984375, 361.368984375, 361.368984375, 361.368984375, 361.368984375, 361.368984375, 361.368984375, 361.368984375, 361.368984375, 361.368984375, 361.368984375, 361.368984375, 361.368984375, 361.368984375, 361.368984375, 361.368984375, 115.432568359375], "forward_backward_time_ms": 11791.072690429684}, "execution_memory": {"layer_memory_total_mb": [665.5703125, 715.9130859375, 715.9130859375, 715.9130859375, 715.9130859375, 715.9130859375, 715.9130859375, 715.9130859375, 715.9130859375, 715.9130859375, 715.9130859375, 715.9130859375, 715.9130859375, 715.9130859375, 715.9130859375, 715.9130859375, 715.9130859375, 715.9130859375, 715.9130859375, 715.9130859375, 715.9130859375, 715.9130859375, 715.9130859375, 715.9130859375, 715.9130859375, 715.9130859375, 715.9130859375, 715.9130859375, 715.9130859375, 715.9130859375, 715.9130859375, 715.9130859375, 715.9130859375, 750.0], "total_memory": 24324.7890625}}