{"model": {"model_name": "GPT_2-6B", "num_layers": 34, "parameters": {"total_parameters_bytes": 11119165440, "parameters_per_layer_bytes": [524288000, 314705920, 314705920, 314705920, 314705920, 314705920, 314705920, 314705920, 314705920, 314705920, 314705920, 314705920, 314705920, 314705920, 314705920, 314705920, 314705920, 314705920, 314705920, 314705920, 314705920, 314705920, 314705920, 314705920, 314705920, 314705920, 314705920, 314705920, 314705920, 314705920, 314705920, 314705920, 314705920, 524288000]}}, "execution_time": {"total_time_ms": 7891.733333333334, "forward_backward_time_ms": 7848.599999999999, "batch_generator_time_ms": 24.876666666666665, "layernorm_grads_all_reduce_time_ms": 8.673333333333334, "embedding_grads_all_reduce_time_ms": 0.09333333333333334, "optimizer_time_ms": 14.473333333333334, "layer_compute_total_ms": [76.75209716796876, 240.281416015625, 240.281416015625, 240.281416015625, 240.281416015625, 240.281416015625, 240.281416015625, 240.281416015625, 240.281416015625, 240.281416015625, 240.281416015625, 240.281416015625, 240.281416015625, 240.281416015625, 240.281416015625, 240.281416015625, 240.281416015625, 240.281416015625, 240.281416015625, 240.281416015625, 240.281416015625, 240.281416015625, 240.281416015625, 240.281416015625, 240.281416015625, 240.281416015625, 240.281416015625, 240.281416015625, 240.281416015625, 240.281416015625, 240.281416015625, 240.281416015625, 240.281416015625, 81.8081982421875]}, "execution_memory": {"layer_memory_total_mb": [946.0, 654.2666015625, 654.2666015625, 654.2666015625, 654.2666015625, 654.2666015625, 654.2666015625, 654.2666015625, 654.2666015625, 654.2666015625, 654.2666015625, 654.2666015625, 654.2666015625, 654.2666015625, 654.2666015625, 654.2666015625, 654.2666015625, 654.2666015625, 654.2666015625, 654.2666015625, 654.2666015625, 654.2666015625, 654.2666015625, 654.2666015625, 654.2666015625, 654.2666015625, 654.2666015625, 654.2666015625, 654.2666015625, 654.2666015625, 654.2666015625, 654.2666015625, 654.2666015625, 1330.0], "total_memory": 23212.53125}}