{"model": {"model_name": "GPT_2-6B", "num_layers": 34, "parameters": {"total_parameters_bytes": 11119165440, "parameters_per_layer_bytes": [524288000, 314705920, 314705920, 314705920, 314705920, 314705920, 314705920, 314705920, 314705920, 314705920, 314705920, 314705920, 314705920, 314705920, 314705920, 314705920, 314705920, 314705920, 314705920, 314705920, 314705920, 314705920, 314705920, 314705920, 314705920, 314705920, 314705920, 314705920, 314705920, 314705920, 314705920, 314705920, 314705920, 524288000]}}, "execution_time": {"total_time_ms": 21073.866666666665, "forward_backward_time_ms": 21031.66, "batch_generator_time_ms": 66.42333333333333, "layernorm_grads_all_reduce_time_ms": 7.56, "embedding_grads_all_reduce_time_ms": 0.07666666666666667, "optimizer_time_ms": 15.889999999999999, "layer_compute_total_ms": [226.6380859375, 720.5490234375, 720.5490234375, 720.5490234375, 720.5490234375, 720.5490234375, 720.5490234375, 720.5490234375, 720.5490234375, 720.5490234375, 720.5490234375, 720.5490234375, 720.5490234375, 720.5490234375, 720.5490234375, 720.5490234375, 720.5490234375, 720.5490234375, 720.5490234375, 720.5490234375, 720.5490234375, 720.5490234375, 720.5490234375, 720.5490234375, 720.5490234375, 720.5490234375, 720.5490234375, 720.5490234375, 720.5490234375, 720.5490234375, 720.5490234375, 720.5490234375, 720.5490234375, 230.2705859375]}, "execution_memory": {"layer_memory_total_mb": [946.0, 686.2666015625, 686.2666015625, 686.2666015625, 686.2666015625, 686.2666015625, 686.2666015625, 686.2666015625, 686.2666015625, 686.2666015625, 686.2666015625, 686.2666015625, 686.2666015625, 686.2666015625, 686.2666015625, 686.2666015625, 686.2666015625, 686.2666015625, 686.2666015625, 686.2666015625, 686.2666015625, 686.2666015625, 686.2666015625, 686.2666015625, 686.2666015625, 686.2666015625, 686.2666015625, 686.2666015625, 686.2666015625, 686.2666015625, 686.2666015625, 686.2666015625, 686.2666015625, 1330.0], "total_memory": 24236.53125}}