{"model": {"model_name": "GPT_2-6B", "num_layers": 34, "parameters": {"total_parameters_bytes": 11119165440, "parameters_per_layer_bytes": [524288000, 314705920, 314705920, 314705920, 314705920, 314705920, 314705920, 314705920, 314705920, 314705920, 314705920, 314705920, 314705920, 314705920, 314705920, 314705920, 314705920, 314705920, 314705920, 314705920, 314705920, 314705920, 314705920, 314705920, 314705920, 314705920, 314705920, 314705920, 314705920, 314705920, 314705920, 314705920, 314705920, 524288000]}}, "execution_time": {"batch_generator_time_ms": 14.63, "optimizer_time_ms": 14.363333333333335, "layer_compute_total_ms": [37.211114501953126, 121.2525390625, 121.2525390625, 121.2525390625, 121.2525390625, 121.2525390625, 121.2525390625, 121.2525390625, 121.2525390625, 121.2525390625, 121.2525390625, 121.2525390625, 121.2525390625, 121.2525390625, 121.2525390625, 121.2525390625, 121.2525390625, 121.2525390625, 121.2525390625, 121.2525390625, 121.2525390625, 121.2525390625, 121.2525390625, 121.2525390625, 121.2525390625, 121.2525390625, 121.2525390625, 121.2525390625, 121.2525390625, 121.2525390625, 121.2525390625, 121.2525390625, 121.2525390625, 41.203935546875], "forward_backward_time_ms": 3958.49630004883}, "execution_memory": {"layer_memory_total_mb": [678.0, 750.787109375, 750.787109375, 750.787109375, 750.787109375, 750.787109375, 750.787109375, 750.787109375, 750.787109375, 750.787109375, 750.787109375, 750.787109375, 750.787109375, 750.787109375, 750.787109375, 750.787109375, 750.787109375, 750.787109375, 750.787109375, 750.787109375, 750.787109375, 750.787109375, 750.787109375, 750.787109375, 750.787109375, 750.787109375, 750.787109375, 750.787109375, 750.787109375, 750.787109375, 750.787109375, 750.787109375, 750.787109375, 790.0], "total_memory": 25493.1875}}