{"model": {"model_name": "GPT_2-6B", "num_layers": 34, "parameters": {"total_parameters_bytes": 11119165440, "parameters_per_layer_bytes": [524288000, 314705920, 314705920, 314705920, 314705920, 314705920, 314705920, 314705920, 314705920, 314705920, 314705920, 314705920, 314705920, 314705920, 314705920, 314705920, 314705920, 314705920, 314705920, 314705920, 314705920, 314705920, 314705920, 314705920, 314705920, 314705920, 314705920, 314705920, 314705920, 314705920, 314705920, 314705920, 314705920, 524288000]}}, "execution_time": {"total_time_ms": 1159.3666666666666, "forward_backward_time_ms": 999.82, "batch_generator_time_ms": 2.793333333333333, "layernorm_grads_all_reduce_time_ms": 0.030000000000000002, "embedding_grads_all_reduce_time_ms": 134.28, "optimizer_time_ms": 14.836666666666666, "layer_compute_total_ms": [2.7816754531860353, 26.94828125, 26.94828125, 26.94828125, 26.94828125, 26.94828125, 26.94828125, 26.94828125, 26.94828125, 26.94828125, 26.94828125, 26.94828125, 26.94828125, 26.94828125, 26.94828125, 26.94828125, 26.94828125, 26.94828125, 26.94828125, 26.94828125, 26.94828125, 26.94828125, 26.94828125, 26.94828125, 26.94828125, 26.94828125, 26.94828125, 26.94828125, 26.94828125, 26.94828125, 26.94828125, 26.94828125, 26.94828125, 56.745615234375]}, "execution_memory": {"layer_memory_total_mb": [2738.0, 2352.0625, 2352.0625, 2352.0625, 2352.0625, 2352.0625, 2352.0625, 2352.0625, 2352.0625, 2352.0625, 2352.0625, 2352.0625, 2352.0625, 2352.0625, 2352.0625, 2352.0625, 2352.0625, 2352.0625, 2352.0625, 2352.0625, 2352.0625, 2352.0625, 2352.0625, 2352.0625, 2352.0625, 2352.0625, 2352.0625, 2352.0625, 2352.0625, 2352.0625, 2352.0625, 2352.0625, 2352.0625, 6040.0], "total_memory": 84044.0}}