{
    "model": {
        "model_name": "GPT_2-6B",
        "num_layers": 34,
        "parameters": {
            "total_parameters_bytes": 11119165440,
            "parameters_per_layer_bytes": [
                524288000,
                314705920,
                314705920,
                314705920,
                314705920,
                314705920,
                314705920,
                314705920,
                314705920,
                314705920,
                314705920,
                314705920,
                314705920,
                314705920,
                314705920,
                314705920,
                314705920,
                314705920,
                314705920,
                314705920,
                314705920,
                314705920,
                314705920,
                314705920,
                314705920,
                314705920,
                314705920,
                314705920,
                314705920,
                314705920,
                314705920,
                314705920,
                314705920,
                524288000
            ]
        }
    },
    "execution_time": {
        "batch_generator_time_ms": 3.8200000000000003,
        "optimizer_time_ms": 17.56,
        "layer_compute_total_ms": [
            4.830085067749024,
            81.83101318359375,
            81.83101318359375,
            81.83101318359375,
            81.83101318359375,
            81.83101318359375,
            81.83101318359375,
            81.83101318359375,
            81.83101318359375,
            81.83101318359375,
            81.83101318359375,
            81.83101318359375,
            81.83101318359375,
            81.83101318359375,
            81.83101318359375,
            81.83101318359375,
            81.83101318359375,
            81.83101318359375,
            81.83101318359375,
            81.83101318359375,
            81.83101318359375,
            81.83101318359375,
            81.83101318359375,
            81.83101318359375,
            81.83101318359375,
            81.83101318359375,
            81.83101318359375,
            81.83101318359375,
            81.83101318359375,
            81.83101318359375,
            81.83101318359375,
            81.83101318359375,
            81.83101318359375,
            145.37521484375
        ],
        "forward_backward_time_ms": 2768.7977217864996
    },
    "execution_memory": {
        "layer_memory_total_mb": [
            2738.0,
            2562.0625,
            2562.0625,
            2562.0625,
            2562.0625,
            2562.0625,
            2562.0625,
            2562.0625,
            2562.0625,
            2562.0625,
            2562.0625,
            2562.0625,
            2562.0625,
            2562.0625,
            2562.0625,
            2562.0625,
            2562.0625,
            2562.0625,
            2562.0625,
            2562.0625,
            2562.0625,
            2562.0625,
            2562.0625,
            2562.0625,
            2562.0625,
            2562.0625,
            2562.0625,
            2562.0625,
            2562.0625,
            2562.0625,
            2562.0625,
            2562.0625,
            2562.0625,
            6040.0
        ],
        "total_memory": 90764.0
    }
}