{"model": {"model_name": "GPT_2-6B", "num_layers": 34, "parameters": {"total_parameters_bytes": 11119165440, "parameters_per_layer_bytes": [524288000, 314705920, 314705920, 314705920, 314705920, 314705920, 314705920, 314705920, 314705920, 314705920, 314705920, 314705920, 314705920, 314705920, 314705920, 314705920, 314705920, 314705920, 314705920, 314705920, 314705920, 314705920, 314705920, 314705920, 314705920, 314705920, 314705920, 314705920, 314705920, 314705920, 314705920, 314705920, 314705920, 524288000]}}, "execution_time": {"total_time_ms": 3342.0333333333333, "forward_backward_time_ms": 3191.1066666666666, "batch_generator_time_ms": 15.4, "layernorm_grads_all_reduce_time_ms": 1.92, "embedding_grads_all_reduce_time_ms": 120.61666666666666, "optimizer_time_ms": 15.933333333333332, "layer_compute_total_ms": [36.14472167968749, 116.590263671875, 116.590263671875, 116.590263671875, 116.590263671875, 116.590263671875, 116.590263671875, 116.590263671875, 116.590263671875, 116.590263671875, 116.590263671875, 116.590263671875, 116.590263671875, 116.590263671875, 116.590263671875, 116.590263671875, 116.590263671875, 116.590263671875, 116.590263671875, 116.590263671875, 116.590263671875, 116.590263671875, 116.590263671875, 116.590263671875, 116.590263671875, 116.590263671875, 116.590263671875, 116.590263671875, 116.590263671875, 116.590263671875, 116.590263671875, 116.590263671875, 116.590263671875, 64.28416015625]}, "execution_memory": {"layer_memory_total_mb": [1420.0, 849.2822265625, 849.2822265625, 849.2822265625, 849.2822265625, 849.2822265625, 849.2822265625, 849.2822265625, 849.2822265625, 849.2822265625, 849.2822265625, 849.2822265625, 849.2822265625, 849.2822265625, 849.2822265625, 849.2822265625, 849.2822265625, 849.2822265625, 849.2822265625, 849.2822265625, 849.2822265625, 849.2822265625, 849.2822265625, 849.2822265625, 849.2822265625, 849.2822265625, 849.2822265625, 849.2822265625, 849.2822265625, 849.2822265625, 849.2822265625, 849.2822265625, 849.2822265625, 2000.0], "total_memory": 30597.03125}}