{"model": {"model_name": "GPT_2-6B", "num_layers": 34, "parameters": {"total_parameters_bytes": 11119165440, "parameters_per_layer_bytes": [524288000, 314705920, 314705920, 314705920, 314705920, 314705920, 314705920, 314705920, 314705920, 314705920, 314705920, 314705920, 314705920, 314705920, 314705920, 314705920, 314705920, 314705920, 314705920, 314705920, 314705920, 314705920, 314705920, 314705920, 314705920, 314705920, 314705920, 314705920, 314705920, 314705920, 314705920, 314705920, 314705920, 524288000]}}, "execution_time": {"total_time_ms": 6032.566666666667, "forward_backward_time_ms": 5988.293333333334, "batch_generator_time_ms": 26.72666666666667, "layernorm_grads_all_reduce_time_ms": 8.36, "embedding_grads_all_reduce_time_ms": 0.17666666666666664, "optimizer_time_ms": 17.08666666666667, "layer_compute_total_ms": [57.171865234375, 181.1626171875, 181.1626171875, 181.1626171875, 181.1626171875, 181.1626171875, 181.1626171875, 181.1626171875, 181.1626171875, 181.1626171875, 181.1626171875, 181.1626171875, 181.1626171875, 181.1626171875, 181.1626171875, 181.1626171875, 181.1626171875, 181.1626171875, 181.1626171875, 181.1626171875, 181.1626171875, 181.1626171875, 181.1626171875, 181.1626171875, 181.1626171875, 181.1626171875, 181.1626171875, 181.1626171875, 181.1626171875, 181.1626171875, 181.1626171875, 181.1626171875, 181.1626171875, 58.0995458984375]}, "execution_memory": {"layer_memory_total_mb": [534.0, 247.8505859375, 247.8505859375, 247.8505859375, 247.8505859375, 247.8505859375, 247.8505859375, 247.8505859375, 247.8505859375, 247.8505859375, 247.8505859375, 247.8505859375, 247.8505859375, 247.8505859375, 247.8505859375, 247.8505859375, 247.8505859375, 247.8505859375, 247.8505859375, 247.8505859375, 247.8505859375, 247.8505859375, 247.8505859375, 247.8505859375, 247.8505859375, 247.8505859375, 247.8505859375, 247.8505859375, 247.8505859375, 247.8505859375, 247.8505859375, 247.8505859375, 247.8505859375, 500.0], "total_memory": 8965.21875}}