{"model": {"model_name": "GPT_2-6B", "num_layers": 34, "parameters": {"total_parameters_bytes": 11119165440, "parameters_per_layer_bytes": [524288000, 314705920, 314705920, 314705920, 314705920, 314705920, 314705920, 314705920, 314705920, 314705920, 314705920, 314705920, 314705920, 314705920, 314705920, 314705920, 314705920, 314705920, 314705920, 314705920, 314705920, 314705920, 314705920, 314705920, 314705920, 314705920, 314705920, 314705920, 314705920, 314705920, 314705920, 314705920, 314705920, 524288000]}}, "execution_time": {"total_time_ms": 4676.133333333334, "forward_backward_time_ms": 4537.650000000001, "batch_generator_time_ms": 20.353333333333335, "layernorm_grads_all_reduce_time_ms": 3.3366666666666664, "embedding_grads_all_reduce_time_ms": 107.53666666666668, "optimizer_time_ms": 14.043333333333335, "layer_compute_total_ms": [48.65535888671875, 140.3797314453125, 140.3797314453125, 140.3797314453125, 140.3797314453125, 140.3797314453125, 140.3797314453125, 140.3797314453125, 140.3797314453125, 140.3797314453125, 140.3797314453125, 140.3797314453125, 140.3797314453125, 140.3797314453125, 140.3797314453125, 140.3797314453125, 140.3797314453125, 140.3797314453125, 140.3797314453125, 140.3797314453125, 140.3797314453125, 140.3797314453125, 140.3797314453125, 140.3797314453125, 140.3797314453125, 140.3797314453125, 140.3797314453125, 140.3797314453125, 140.3797314453125, 140.3797314453125, 140.3797314453125, 140.3797314453125, 140.3797314453125, 89.0241015625]}, "execution_memory": {"layer_memory_total_mb": [1982.0, 1396.1259765625, 1396.1259765625, 1396.1259765625, 1396.1259765625, 1396.1259765625, 1396.1259765625, 1396.1259765625, 1396.1259765625, 1396.1259765625, 1396.1259765625, 1396.1259765625, 1396.1259765625, 1396.1259765625, 1396.1259765625, 1396.1259765625, 1396.1259765625, 1396.1259765625, 1396.1259765625, 1396.1259765625, 1396.1259765625, 1396.1259765625, 1396.1259765625, 1396.1259765625, 1396.1259765625, 1396.1259765625, 1396.1259765625, 1396.1259765625, 1396.1259765625, 1396.1259765625, 1396.1259765625, 1396.1259765625, 1396.1259765625, 5080.0], "total_memory": 51738.03125}}