{"model": {"model_name": "GPT_2-6B", "num_layers": 34, "parameters": {"total_parameters_bytes": 11119165440, "parameters_per_layer_bytes": [524288000, 314705920, 314705920, 314705920, 314705920, 314705920, 314705920, 314705920, 314705920, 314705920, 314705920, 314705920, 314705920, 314705920, 314705920, 314705920, 314705920, 314705920, 314705920, 314705920, 314705920, 314705920, 314705920, 314705920, 314705920, 314705920, 314705920, 314705920, 314705920, 314705920, 314705920, 314705920, 314705920, 524288000]}}, "execution_time": {"total_time_ms": 2378.5333333333333, "forward_backward_time_ms": 2245.0333333333333, "batch_generator_time_ms": 11.13, "layernorm_grads_all_reduce_time_ms": 2.346666666666667, "embedding_grads_all_reduce_time_ms": 105.91666666666667, "optimizer_time_ms": 13.62, "layer_compute_total_ms": [22.908251953125, 68.8536572265625, 68.8536572265625, 68.8536572265625, 68.8536572265625, 68.8536572265625, 68.8536572265625, 68.8536572265625, 68.8536572265625, 68.8536572265625, 68.8536572265625, 68.8536572265625, 68.8536572265625, 68.8536572265625, 68.8536572265625, 68.8536572265625, 68.8536572265625, 68.8536572265625, 68.8536572265625, 68.8536572265625, 68.8536572265625, 68.8536572265625, 68.8536572265625, 68.8536572265625, 68.8536572265625, 68.8536572265625, 68.8536572265625, 68.8536572265625, 68.8536572265625, 68.8536572265625, 68.8536572265625, 68.8536572265625, 68.8536572265625, 44.271943359375]}, "execution_memory": {"layer_memory_total_mb": [1614.0, 1035.5634765625, 1035.5634765625, 1035.5634765625, 1035.5634765625, 1035.5634765625, 1035.5634765625, 1035.5634765625, 1035.5634765625, 1035.5634765625, 1035.5634765625, 1035.5634765625, 1035.5634765625, 1035.5634765625, 1035.5634765625, 1035.5634765625, 1035.5634765625, 1035.5634765625, 1035.5634765625, 1035.5634765625, 1035.5634765625, 1035.5634765625, 1035.5634765625, 1035.5634765625, 1035.5634765625, 1035.5634765625, 1035.5634765625, 1035.5634765625, 1035.5634765625, 1035.5634765625, 1035.5634765625, 1035.5634765625, 1035.5634765625, 3000.0], "total_memory": 37752.03125}}