{"model": {"model_name": "GPT_2-6B", "num_layers": 34, "parameters": {"total_parameters_bytes": 11119165440, "parameters_per_layer_bytes": [524288000, 314705920, 314705920, 314705920, 314705920, 314705920, 314705920, 314705920, 314705920, 314705920, 314705920, 314705920, 314705920, 314705920, 314705920, 314705920, 314705920, 314705920, 314705920, 314705920, 314705920, 314705920, 314705920, 314705920, 314705920, 314705920, 314705920, 314705920, 314705920, 314705920, 314705920, 314705920, 314705920, 524288000]}}, "execution_time": {"total_time_ms": 4666.433333333333, "forward_backward_time_ms": 4580.25, "batch_generator_time_ms": 25.419999999999998, "layernorm_grads_all_reduce_time_ms": 4.493333333333333, "embedding_grads_all_reduce_time_ms": 54.84666666666667, "optimizer_time_ms": 13.503333333333332, "layer_compute_total_ms": [48.35102783203125, 137.79197265625, 137.79197265625, 137.79197265625, 137.79197265625, 137.79197265625, 137.79197265625, 137.79197265625, 137.79197265625, 137.79197265625, 137.79197265625, 137.79197265625, 137.79197265625, 137.79197265625, 137.79197265625, 137.79197265625, 137.79197265625, 137.79197265625, 137.79197265625, 137.79197265625, 137.79197265625, 137.79197265625, 137.79197265625, 137.79197265625, 137.79197265625, 137.79197265625, 137.79197265625, 137.79197265625, 137.79197265625, 137.79197265625, 137.79197265625, 137.79197265625, 137.79197265625, 60.1421630859375]}, "execution_memory": {"layer_memory_total_mb": [1276.0, 1072.03125, 1072.03125, 1072.03125, 1072.03125, 1072.03125, 1072.03125, 1072.03125, 1072.03125, 1072.03125, 1072.03125, 1072.03125, 1072.03125, 1072.03125, 1072.03125, 1072.03125, 1072.03125, 1072.03125, 1072.03125, 1072.03125, 1072.03125, 1072.03125, 1072.03125, 1072.03125, 1072.03125, 1072.03125, 1072.03125, 1072.03125, 1072.03125, 1072.03125, 1072.03125, 1072.03125, 1072.03125, 2580.0], "total_memory": 38161.0}}