{"model": {"model_name": "GPT_2-6B", "num_layers": 34, "parameters": {"total_parameters_bytes": 11119165440, "parameters_per_layer_bytes": [524288000, 314705920, 314705920, 314705920, 314705920, 314705920, 314705920, 314705920, 314705920, 314705920, 314705920, 314705920, 314705920, 314705920, 314705920, 314705920, 314705920, 314705920, 314705920, 314705920, 314705920, 314705920, 314705920, 314705920, 314705920, 314705920, 314705920, 314705920, 314705920, 314705920, 314705920, 314705920, 314705920, 524288000]}}, "execution_time": {"total_time_ms": 4059.8333333333335, "forward_backward_time_ms": 4017.896666666666, "batch_generator_time_ms": 14.63, "layernorm_grads_all_reduce_time_ms": 9.536666666666667, "embedding_grads_all_reduce_time_ms": 0.08, "optimizer_time_ms": 14.363333333333335, "layer_compute_total_ms": [37.211114501953126, 121.2525390625, 121.2525390625, 121.2525390625, 121.2525390625, 121.2525390625, 121.2525390625, 121.2525390625, 121.2525390625, 121.2525390625, 121.2525390625, 121.2525390625, 121.2525390625, 121.2525390625, 121.2525390625, 121.2525390625, 121.2525390625, 121.2525390625, 121.2525390625, 121.2525390625, 121.2525390625, 121.2525390625, 121.2525390625, 121.2525390625, 121.2525390625, 121.2525390625, 121.2525390625, 121.2525390625, 121.2525390625, 121.2525390625, 121.2525390625, 121.2525390625, 121.2525390625, 41.203935546875]}, "execution_memory": {"layer_memory_total_mb": [678.0, 750.787109375, 750.787109375, 750.787109375, 750.787109375, 750.787109375, 750.787109375, 750.787109375, 750.787109375, 750.787109375, 750.787109375, 750.787109375, 750.787109375, 750.787109375, 750.787109375, 750.787109375, 750.787109375, 750.787109375, 750.787109375, 750.787109375, 750.787109375, 750.787109375, 750.787109375, 750.787109375, 750.787109375, 750.787109375, 750.787109375, 750.787109375, 750.787109375, 750.787109375, 750.787109375, 750.787109375, 750.787109375, 790.0], "total_memory": 25493.1875}}