{"model": {"model_name": "GPT_2-6B", "num_layers": 34, "parameters": {"total_parameters_bytes": 11119165440, "parameters_per_layer_bytes": [524288000, 314705920, 314705920, 314705920, 314705920, 314705920, 314705920, 314705920, 314705920, 314705920, 314705920, 314705920, 314705920, 314705920, 314705920, 314705920, 314705920, 314705920, 314705920, 314705920, 314705920, 314705920, 314705920, 314705920, 314705920, 314705920, 314705920, 314705920, 314705920, 314705920, 314705920, 314705920, 314705920, 524288000]}}, "execution_time": {"batch_generator_time_ms": 61.48666666666667, "optimizer_time_ms": 16.163333333333334, "layer_compute_total_ms": [147.6821044921875, 478.58107421875, 478.58107421875, 478.58107421875, 478.58107421875, 478.58107421875, 478.58107421875, 478.58107421875, 478.58107421875, 478.58107421875, 478.58107421875, 478.58107421875, 478.58107421875, 478.58107421875, 478.58107421875, 478.58107421875, 478.58107421875, 478.58107421875, 478.58107421875, 478.58107421875, 478.58107421875, 478.58107421875, 478.58107421875, 478.58107421875, 478.58107421875, 478.58107421875, 478.58107421875, 478.58107421875, 478.58107421875, 478.58107421875, 478.58107421875, 478.58107421875, 478.58107421875, 258.40822265625], "forward_backward_time_ms": 15720.684702148428}, "execution_memory": {"layer_memory_total_mb": [1982.0, 1396.1259765625, 1396.1259765625, 1396.1259765625, 1396.1259765625, 1396.1259765625, 1396.1259765625, 1396.1259765625, 1396.1259765625, 1396.1259765625, 1396.1259765625, 1396.1259765625, 1396.1259765625, 1396.1259765625, 1396.1259765625, 1396.1259765625, 1396.1259765625, 1396.1259765625, 1396.1259765625, 1396.1259765625, 1396.1259765625, 1396.1259765625, 1396.1259765625, 1396.1259765625, 1396.1259765625, 1396.1259765625, 1396.1259765625, 1396.1259765625, 1396.1259765625, 1396.1259765625, 1396.1259765625, 1396.1259765625, 1396.1259765625, 5080.0], "total_memory": 51738.03125}}