{"model": {"model_name": "GPT_2-6B", "num_layers": 34, "parameters": {"total_parameters_bytes": 11119165440, "parameters_per_layer_bytes": [524288000, 314705920, 314705920, 314705920, 314705920, 314705920, 314705920, 314705920, 314705920, 314705920, 314705920, 314705920, 314705920, 314705920, 314705920, 314705920, 314705920, 314705920, 314705920, 314705920, 314705920, 314705920, 314705920, 314705920, 314705920, 314705920, 314705920, 314705920, 314705920, 314705920, 314705920, 314705920, 314705920, 524288000]}}, "execution_time": {"total_time_ms": 2031.1666666666667, "forward_backward_time_ms": 1994.6599999999999, "batch_generator_time_ms": 7.456666666666667, "layernorm_grads_all_reduce_time_ms": 7.313333333333333, "embedding_grads_all_reduce_time_ms": 0.07, "optimizer_time_ms": 14.703333333333333, "layer_compute_total_ms": [18.469642333984375, 61.06126220703125, 61.06126220703125, 61.06126220703125, 61.06126220703125, 61.06126220703125, 61.06126220703125, 61.06126220703125, 61.06126220703125, 61.06126220703125, 61.06126220703125, 61.06126220703125, 61.06126220703125, 61.06126220703125, 61.06126220703125, 61.06126220703125, 61.06126220703125, 61.06126220703125, 61.06126220703125, 61.06126220703125, 61.06126220703125, 61.06126220703125, 61.06126220703125, 61.06126220703125, 61.06126220703125, 61.06126220703125, 61.06126220703125, 61.06126220703125, 61.06126220703125, 61.06126220703125, 61.06126220703125, 61.06126220703125, 61.06126220703125, 20.392447509765624]}, "execution_memory": {"layer_memory_total_mb": [534.0, 247.8505859375, 247.8505859375, 247.8505859375, 247.8505859375, 247.8505859375, 247.8505859375, 247.8505859375, 247.8505859375, 247.8505859375, 247.8505859375, 247.8505859375, 247.8505859375, 247.8505859375, 247.8505859375, 247.8505859375, 247.8505859375, 247.8505859375, 247.8505859375, 247.8505859375, 247.8505859375, 247.8505859375, 247.8505859375, 247.8505859375, 247.8505859375, 247.8505859375, 247.8505859375, 247.8505859375, 247.8505859375, 247.8505859375, 247.8505859375, 247.8505859375, 247.8505859375, 500.0], "total_memory": 8965.21875}}