{"model": {"model_name": "GPT_2-6B", "num_layers": 34, "parameters": {"total_parameters_bytes": 11119165440, "parameters_per_layer_bytes": [524288000, 314705920, 314705920, 314705920, 314705920, 314705920, 314705920, 314705920, 314705920, 314705920, 314705920, 314705920, 314705920, 314705920, 314705920, 314705920, 314705920, 314705920, 314705920, 314705920, 314705920, 314705920, 314705920, 314705920, 314705920, 314705920, 314705920, 314705920, 314705920, 314705920, 314705920, 314705920, 314705920, 524288000]}}, "execution_time": {"total_time_ms": 20206.36666666667, "forward_backward_time_ms": 20120.033333333333, "batch_generator_time_ms": 93.57, "layernorm_grads_all_reduce_time_ms": 3.6266666666666665, "embedding_grads_all_reduce_time_ms": 53.31333333333333, "optimizer_time_ms": 15.243333333333332, "layer_compute_total_ms": [202.71939453125, 632.22302734375, 632.22302734375, 632.22302734375, 632.22302734375, 632.22302734375, 632.22302734375, 632.22302734375, 632.22302734375, 632.22302734375, 632.22302734375, 632.22302734375, 632.22302734375, 632.22302734375, 632.22302734375, 632.22302734375, 632.22302734375, 632.22302734375, 632.22302734375, 632.22302734375, 632.22302734375, 632.22302734375, 632.22302734375, 632.22302734375, 632.22302734375, 632.22302734375, 632.22302734375, 632.22302734375, 632.22302734375, 632.22302734375, 632.22302734375, 632.22302734375, 632.22302734375, 221.1690625]}, "execution_memory": {"layer_memory_total_mb": [1276.0, 1104.03125, 1104.03125, 1104.03125, 1104.03125, 1104.03125, 1104.03125, 1104.03125, 1104.03125, 1104.03125, 1104.03125, 1104.03125, 1104.03125, 1104.03125, 1104.03125, 1104.03125, 1104.03125, 1104.03125, 1104.03125, 1104.03125, 1104.03125, 1104.03125, 1104.03125, 1104.03125, 1104.03125, 1104.03125, 1104.03125, 1104.03125, 1104.03125, 1104.03125, 1104.03125, 1104.03125, 1104.03125, 2580.0], "total_memory": 39185.0}}