{"model": {"model_name": "GPT_2-6B", "num_layers": 34, "parameters": {"total_parameters_bytes": 11119165440, "parameters_per_layer_bytes": [524288000, 314705920, 314705920, 314705920, 314705920, 314705920, 314705920, 314705920, 314705920, 314705920, 314705920, 314705920, 314705920, 314705920, 314705920, 314705920, 314705920, 314705920, 314705920, 314705920, 314705920, 314705920, 314705920, 314705920, 314705920, 314705920, 314705920, 314705920, 314705920, 314705920, 314705920, 314705920, 314705920, 524288000]}}, "execution_time": {"total_time_ms": 3712.9, "forward_backward_time_ms": 3612.92, "batch_generator_time_ms": 28.179999999999996, "layernorm_grads_all_reduce_time_ms": 5.38, "embedding_grads_all_reduce_time_ms": 61.053333333333335, "optimizer_time_ms": 15.706666666666669, "layer_compute_total_ms": [49.07196411132813, 157.776728515625, 157.776728515625, 157.776728515625, 157.776728515625, 157.776728515625, 157.776728515625, 157.776728515625, 157.776728515625, 157.776728515625, 157.776728515625, 157.776728515625, 157.776728515625, 157.776728515625, 157.776728515625, 157.776728515625, 157.776728515625, 157.776728515625, 157.776728515625, 157.776728515625, 157.776728515625, 157.776728515625, 157.776728515625, 157.776728515625, 157.776728515625, 157.776728515625, 157.776728515625, 157.776728515625, 157.776728515625, 157.776728515625, 157.776728515625, 157.776728515625, 157.776728515625, 55.16734375]}, "execution_memory": {"layer_memory_total_mb": [848.0, 503.7666015625, 503.7666015625, 503.7666015625, 503.7666015625, 503.7666015625, 503.7666015625, 503.7666015625, 503.7666015625, 503.7666015625, 503.7666015625, 503.7666015625, 503.7666015625, 503.7666015625, 503.7666015625, 503.7666015625, 503.7666015625, 503.7666015625, 503.7666015625, 503.7666015625, 503.7666015625, 503.7666015625, 503.7666015625, 503.7666015625, 503.7666015625, 503.7666015625, 503.7666015625, 503.7666015625, 503.7666015625, 503.7666015625, 503.7666015625, 503.7666015625, 503.7666015625, 1000.0], "total_memory": 17968.53125}}