{"model": {"model_name": "GPT_2-6B", "num_layers": 34, "parameters": {"total_parameters_bytes": 11119165440, "parameters_per_layer_bytes": [524288000, 314705920, 314705920, 314705920, 314705920, 314705920, 314705920, 314705920, 314705920, 314705920, 314705920, 314705920, 314705920, 314705920, 314705920, 314705920, 314705920, 314705920, 314705920, 314705920, 314705920, 314705920, 314705920, 314705920, 314705920, 314705920, 314705920, 314705920, 314705920, 314705920, 314705920, 314705920, 314705920, 524288000]}}, "execution_time": {"total_time_ms": 1236.4666666666667, "forward_backward_time_ms": 1160.9933333333333, "batch_generator_time_ms": 7.16, "layernorm_grads_all_reduce_time_ms": 2.9633333333333334, "embedding_grads_all_reduce_time_ms": 49.43333333333334, "optimizer_time_ms": 12.906666666666666, "layer_compute_total_ms": [11.273031616210938, 34.680382080078125, 34.680382080078125, 34.680382080078125, 34.680382080078125, 34.680382080078125, 34.680382080078125, 34.680382080078125, 34.680382080078125, 34.680382080078125, 34.680382080078125, 34.680382080078125, 34.680382080078125, 34.680382080078125, 34.680382080078125, 34.680382080078125, 34.680382080078125, 34.680382080078125, 34.680382080078125, 34.680382080078125, 34.680382080078125, 34.680382080078125, 34.680382080078125, 34.680382080078125, 34.680382080078125, 34.680382080078125, 34.680382080078125, 34.680382080078125, 34.680382080078125, 34.680382080078125, 34.680382080078125, 34.680382080078125, 34.680382080078125, 15.2781005859375]}, "execution_memory": {"layer_memory_total_mb": [848.0, 523.7666015625, 523.7666015625, 523.7666015625, 523.7666015625, 523.7666015625, 523.7666015625, 523.7666015625, 523.7666015625, 523.7666015625, 523.7666015625, 523.7666015625, 523.7666015625, 523.7666015625, 523.7666015625, 523.7666015625, 523.7666015625, 523.7666015625, 523.7666015625, 523.7666015625, 523.7666015625, 523.7666015625, 523.7666015625, 523.7666015625, 523.7666015625, 523.7666015625, 523.7666015625, 523.7666015625, 523.7666015625, 523.7666015625, 523.7666015625, 523.7666015625, 523.7666015625, 1000.0], "total_memory": 18608.53125}}