{"model": {"model_name": "GPT_2-6B", "num_layers": 34, "parameters": {"total_parameters_bytes": 11119165440, "parameters_per_layer_bytes": [524288000, 314705920, 314705920, 314705920, 314705920, 314705920, 314705920, 314705920, 314705920, 314705920, 314705920, 314705920, 314705920, 314705920, 314705920, 314705920, 314705920, 314705920, 314705920, 314705920, 314705920, 314705920, 314705920, 314705920, 314705920, 314705920, 314705920, 314705920, 314705920, 314705920, 314705920, 314705920, 314705920, 524288000]}}, "execution_time": {"batch_generator_time_ms": 38.36333333333334, "optimizer_time_ms": 15.54, "layer_compute_total_ms": [112.48007080078125, 358.8165234375, 358.8165234375, 358.8165234375, 358.8165234375, 358.8165234375, 358.8165234375, 358.8165234375, 358.8165234375, 358.8165234375, 358.8165234375, 358.8165234375, 358.8165234375, 358.8165234375, 358.8165234375, 358.8165234375, 358.8165234375, 358.8165234375, 358.8165234375, 358.8165234375, 358.8165234375, 358.8165234375, 358.8165234375, 358.8165234375, 358.8165234375, 358.8165234375, 358.8165234375, 358.8165234375, 358.8165234375, 358.8165234375, 358.8165234375, 358.8165234375, 358.8165234375, 114.978857421875], "forward_backward_time_ms": 11709.58767822265}, "execution_memory": {"layer_memory_total_mb": [678.0, 750.787109375, 750.787109375, 750.787109375, 750.787109375, 750.787109375, 750.787109375, 750.787109375, 750.787109375, 750.787109375, 750.787109375, 750.787109375, 750.787109375, 750.787109375, 750.787109375, 750.787109375, 750.787109375, 750.787109375, 750.787109375, 750.787109375, 750.787109375, 750.787109375, 750.787109375, 750.787109375, 750.787109375, 750.787109375, 750.787109375, 750.787109375, 750.787109375, 750.787109375, 750.787109375, 750.787109375, 750.787109375, 790.0], "total_memory": 25493.1875}}