{"model": {"model_name": "GPT_2-6B", "num_layers": 34, "parameters": {"total_parameters_bytes": 11119165440, "parameters_per_layer_bytes": [524288000, 314705920, 314705920, 314705920, 314705920, 314705920, 314705920, 314705920, 314705920, 314705920, 314705920, 314705920, 314705920, 314705920, 314705920, 314705920, 314705920, 314705920, 314705920, 314705920, 314705920, 314705920, 314705920, 314705920, 314705920, 314705920, 314705920, 314705920, 314705920, 314705920, 314705920, 314705920, 314705920, 524288000]}}, "execution_time": {"total_time_ms": 5910.8, "forward_backward_time_ms": 5816.436666666666, "batch_generator_time_ms": 5.533333333333332, "layernorm_grads_all_reduce_time_ms": 0.06, "embedding_grads_all_reduce_time_ms": 61.72, "optimizer_time_ms": 17.900000000000002, "layer_compute_total_ms": [6.734295043945313, 164.8703515625, 164.8703515625, 164.8703515625, 164.8703515625, 164.8703515625, 164.8703515625, 164.8703515625, 164.8703515625, 164.8703515625, 164.8703515625, 164.8703515625, 164.8703515625, 164.8703515625, 164.8703515625, 164.8703515625, 164.8703515625, 164.8703515625, 164.8703515625, 164.8703515625, 164.8703515625, 164.8703515625, 164.8703515625, 164.8703515625, 164.8703515625, 164.8703515625, 164.8703515625, 164.8703515625, 164.8703515625, 164.8703515625, 164.8703515625, 164.8703515625, 164.8703515625, 289.9037109375]}, "execution_memory": {"layer_memory_total_mb": [3026.0, 3522.7216796875, 3522.7216796875, 3522.7216796875, 3522.7216796875, 3522.7216796875, 3522.7216796875, 3522.7216796875, 3522.7216796875, 3522.7216796875, 3522.7216796875, 3522.7216796875, 3522.7216796875, 3522.7216796875, 3522.7216796875, 3522.7216796875, 3522.7216796875, 3522.7216796875, 3522.7216796875, 3522.7216796875, 3522.7216796875, 3522.7216796875, 3522.7216796875, 3522.7216796875, 3522.7216796875, 3522.7216796875, 3522.7216796875, 3522.7216796875, 3522.7216796875, 3522.7216796875, 3522.7216796875, 3522.7216796875, 3522.7216796875, 10000.0], "total_memory": 125753.09375}}