{
    "model": {
        "model_name": "GPT_2-6B",
        "num_layers": 34,
        "parameters": {
            "total_parameters_bytes": 11119165440,
            "parameters_per_layer_bytes": [
                524288000,
                314705920,
                314705920,
                314705920,
                314705920,
                314705920,
                314705920,
                314705920,
                314705920,
                314705920,
                314705920,
                314705920,
                314705920,
                314705920,
                314705920,
                314705920,
                314705920,
                314705920,
                314705920,
                314705920,
                314705920,
                314705920,
                314705920,
                314705920,
                314705920,
                314705920,
                314705920,
                314705920,
                314705920,
                314705920,
                314705920,
                314705920,
                314705920,
                524288000
            ]
        }
    },
    "execution_time": {
        "batch_generator_time_ms": 49.24,
        "optimizer_time_ms": 15.543333333333331,
        "layer_compute_total_ms": [
            99.52864013671875,
            315.58,
            315.58,
            315.58,
            315.58,
            315.58,
            315.58,
            315.58,
            315.58,
            315.58,
            315.58,
            315.58,
            315.58,
            315.58,
            315.58,
            315.58,
            315.58,
            315.58,
            315.58,
            315.58,
            315.58,
            315.58,
            315.58,
            315.58,
            315.58,
            315.58,
            315.58,
            315.58,
            315.58,
            315.58,
            315.58,
            315.58,
            315.58,
            109.902666015625
        ],
        "forward_backward_time_ms": 10307.991306152342
    },
    "execution_memory": {
        "layer_memory_total_mb": [
            1012.0,
            958.2666015625,
            958.2666015625,
            958.2666015625,
            958.2666015625,
            958.2666015625,
            958.2666015625,
            958.2666015625,
            958.2666015625,
            958.2666015625,
            958.2666015625,
            958.2666015625,
            958.2666015625,
            958.2666015625,
            958.2666015625,
            958.2666015625,
            958.2666015625,
            958.2666015625,
            958.2666015625,
            958.2666015625,
            958.2666015625,
            958.2666015625,
            958.2666015625,
            958.2666015625,
            958.2666015625,
            958.2666015625,
            958.2666015625,
            958.2666015625,
            958.2666015625,
            958.2666015625,
            958.2666015625,
            958.2666015625,
            958.2666015625,
            1540.0
        ],
        "total_memory": 33216.53125
    }
}