{
    "model": {
        "model_name": "GPT_2-6B",
        "num_layers": 34,
        "parameters": {
            "total_parameters_bytes": 11119165440,
            "parameters_per_layer_bytes": [
                524288000,
                314705920,
                314705920,
                314705920,
                314705920,
                314705920,
                314705920,
                314705920,
                314705920,
                314705920,
                314705920,
                314705920,
                314705920,
                314705920,
                314705920,
                314705920,
                314705920,
                314705920,
                314705920,
                314705920,
                314705920,
                314705920,
                314705920,
                314705920,
                314705920,
                314705920,
                314705920,
                314705920,
                314705920,
                314705920,
                314705920,
                314705920,
                314705920,
                524288000
            ]
        }
    },
    "execution_time": {
        "batch_generator_time_ms": 1.6366666666666667,
        "optimizer_time_ms": 14.783333333333331,
        "layer_compute_total_ms": [
            2.122280979156494,
            13.65506103515625,
            13.65506103515625,
            13.65506103515625,
            13.65506103515625,
            13.65506103515625,
            13.65506103515625,
            13.65506103515625,
            13.65506103515625,
            13.65506103515625,
            13.65506103515625,
            13.65506103515625,
            13.65506103515625,
            13.65506103515625,
            13.65506103515625,
            13.65506103515625,
            13.65506103515625,
            13.65506103515625,
            13.65506103515625,
            13.65506103515625,
            13.65506103515625,
            13.65506103515625,
            13.65506103515625,
            13.65506103515625,
            13.65506103515625,
            13.65506103515625,
            13.65506103515625,
            13.65506103515625,
            13.65506103515625,
            13.65506103515625,
            13.65506103515625,
            13.65506103515625,
            13.65506103515625,
            28.832236328125
        ],
        "forward_backward_time_ms": 467.91647043228113
    },
    "execution_memory": {
        "layer_memory_total_mb": [
            2584.0,
            1784.5634765625,
            1784.5634765625,
            1784.5634765625,
            1784.5634765625,
            1784.5634765625,
            1784.5634765625,
            1784.5634765625,
            1784.5634765625,
            1784.5634765625,
            1784.5634765625,
            1784.5634765625,
            1784.5634765625,
            1784.5634765625,
            1784.5634765625,
            1784.5634765625,
            1784.5634765625,
            1784.5634765625,
            1784.5634765625,
            1784.5634765625,
            1784.5634765625,
            1784.5634765625,
            1784.5634765625,
            1784.5634765625,
            1784.5634765625,
            1784.5634765625,
            1784.5634765625,
            1784.5634765625,
            1784.5634765625,
            1784.5634765625,
            1784.5634765625,
            1784.5634765625,
            1784.5634765625,
            4000.0
        ],
        "total_memory": 63690.03125
    }
}