{"model": {"model_name": "GPT_2-6B", "num_layers": 34, "parameters": {"total_parameters_bytes": 11119165440, "parameters_per_layer_bytes": [524288000, 314705920, 314705920, 314705920, 314705920, 314705920, 314705920, 314705920, 314705920, 314705920, 314705920, 314705920, 314705920, 314705920, 314705920, 314705920, 314705920, 314705920, 314705920, 314705920, 314705920, 314705920, 314705920, 314705920, 314705920, 314705920, 314705920, 314705920, 314705920, 314705920, 314705920, 314705920, 314705920, 524288000]}}, "execution_time": {"total_time_ms": 1720.2666666666664, "forward_backward_time_ms": 1488.7366666666667, "batch_generator_time_ms": 2.313333333333333, "layernorm_grads_all_reduce_time_ms": 0.13666666666666666, "embedding_grads_all_reduce_time_ms": 196.26666666666668, "optimizer_time_ms": 17.76, "layer_compute_total_ms": [3.5225395584106445, 41.163468017578126, 41.163468017578126, 41.163468017578126, 41.163468017578126, 41.163468017578126, 41.163468017578126, 41.163468017578126, 41.163468017578126, 41.163468017578126, 41.163468017578126, 41.163468017578126, 41.163468017578126, 41.163468017578126, 41.163468017578126, 41.163468017578126, 41.163468017578126, 41.163468017578126, 41.163468017578126, 41.163468017578126, 41.163468017578126, 41.163468017578126, 41.163468017578126, 41.163468017578126, 41.163468017578126, 41.163468017578126, 41.163468017578126, 41.163468017578126, 41.163468017578126, 41.163468017578126, 41.163468017578126, 41.163468017578126, 41.163468017578126, 71.61427734375]}, "execution_memory": {"layer_memory_total_mb": [2584.0, 1734.5634765625, 1734.5634765625, 1734.5634765625, 1734.5634765625, 1734.5634765625, 1734.5634765625, 1734.5634765625, 1734.5634765625, 1734.5634765625, 1734.5634765625, 1734.5634765625, 1734.5634765625, 1734.5634765625, 1734.5634765625, 1734.5634765625, 1734.5634765625, 1734.5634765625, 1734.5634765625, 1734.5634765625, 1734.5634765625, 1734.5634765625, 1734.5634765625, 1734.5634765625, 1734.5634765625, 1734.5634765625, 1734.5634765625, 1734.5634765625, 1734.5634765625, 1734.5634765625, 1734.5634765625, 1734.5634765625, 1734.5634765625, 4000.0], "total_memory": 62090.03125}}